rank,items,rate-Directory creation,time-Directory creation,rate-Directory stat,time-Directory stat,rate-Directory read,time-Directory read,rate-Directory rename,time-Directory rename,rate-Directory removal,time-Directory removal,rate-File creation,time-File creation,rate-File stat,time-File stat,rate-File read,time-File read,rate-File removal,time-File removal,rate-Tree creation,time-Tree creation,rate-Tree removal,time-Tree removal
all,1205240,,,,,,,,,,,,,,,,,1.7337709932e+06,8.8979871392e+02,,,4.4660862852e+02,2.8660440445e+00
0,,,,,,,,,,,,,,,,,,1.3545087481e+03,8.8979860902e+02
1,,,,,,,,,,,,,,,,,,1.3572085145e+03,8.8802861691e+02
2,,,,,,,,,,,,,,,,,,1.3561312190e+03,8.8873405695e+02
3,,,,,,,,,,,,,,,,,,1.3565048824e+03,8.8848924589e+02
4,,,,,,,,,,,,,,,,,,1.3587117136e+03,8.8704615402e+02
5,,,,,,,,,,,,,,,,,,1.3583824692e+03,8.8726115608e+02
6,,,,,,,,,,,,,,,,,,1.3572518886e+03,8.8800023794e+02
7,,,,,,,,,,,,,,,,,,1.3566381459e+03,8.8840196896e+02
8,,,,,,,,,,,,,,,,,,1.3561707735e+03,8.8870813584e+02
9,,,,,,,,,,,,,,,,,,1.3569277420e+03,8.8821236587e+02
10,,,,,,,,,,,,,,,,,,1.3565949454e+03,8.8843025994e+02
11,,,,,,,,,,,,,,,,,,1.3625868288e+03,8.8452344799e+02
12,,,,,,,,,,,,,,,,,,1.3591373865e+03,8.8676833701e+02
13,,,,,,,,,,,,,,,,,,1.3567223850e+03,8.8834680796e+02
14,,,,,,,,,,,,,,,,,,1.3566457934e+03,8.8839696097e+02
15,,,,,,,,,,,,,,,,,,1.3564764439e+03,8.8850787306e+02
16,,,,,,,,,,,,,,,,,,1.3587335214e+03,8.8703191686e+02
17,,,,,,,,,,,,,,,,,,1.3587852129e+03,8.8699817204e+02
18,,,,,,,,,,,,,,,,,,1.3577758035e+03,8.8765759182e+02
19,,,,,,,,,,,,,,,,,,1.3577447926e+03,8.8767786598e+02
20,,,,,,,,,,,,,,,,,,1.3562691865e+03,8.8864364982e+02
21,,,,,,,,,,,,,,,,,,1.3586593599e+03,8.8708033490e+02
22,,,,,,,,,,,,,,,,,,1.3564841511e+03,8.8850282478e+02
23,,,,,,,,,,,,,,,,,,1.3585081427e+03,8.8717907691e+02
24,,,,,,,,,,,,,,,,,,1.3571368421e+03,8.8807551503e+02
25,,,,,,,,,,,,,,,,,,1.3563392603e+03,8.8859773898e+02
26,,,,,,,,,,,,,,,,,,1.3595809588e+03,8.8647902298e+02
27,,,,,,,,,,,,,,,,,,1.3636470600e+03,8.8383573389e+02
28,,,,,,,,,,,,,,,,,,1.3562802136e+03,8.8863642478e+02
29,,,,,,,,,,,,,,,,,,1.3564330659e+03,8.8853628707e+02
30,,,,,,,,,,,,,,,,,,1.3588021284e+03,8.8698712993e+02
31,,,,,,,,,,,,,,,,,,1.3572548461e+03,8.8799830294e+02
32,,,,,,,,,,,,,,,,,,1.3568454415e+03,8.8826624107e+02
33,,,,,,,,,,,,,,,,,,1.3578125718e+03,8.8763355494e+02
34,,,,,,,,,,,,,,,,,,1.3564002819e+03,8.8855776286e+02
35,,,,,,,,,,,,,,,,,,1.3568259660e+03,8.8827899098e+02
36,,,,,,,,,,,,,,,,,,1.3569717825e+03,8.8818353891e+02
37,,,,,,,,,,,,,,,,,,1.3580952839e+03,8.8744877791e+02
38,,,,,,,,,,,,,,,,,,1.3560961544e+03,8.8875703692e+02
39,,,,,,,,,,,,,,,,,,1.3579814073e+03,8.8752319694e+02
40,,,,,,,,,,,,,,,,,,1.3570814128e+03,8.8811178803e+02
41,,,,,,,,,,,,,,,,,,1.3575544428e+03,8.8780233192e+02
42,,,,,,,,,,,,,,,,,,1.3585190438e+03,8.8717195797e+02
43,,,,,,,,,,,,,,,,,,1.3586771652e+03,8.8706870985e+02
44,,,,,,,,,,,,,,,,,,1.3570691795e+03,8.8811979389e+02
45,,,,,,,,,,,,,,,,,,1.3568184814e+03,8.8828389096e+02
46,,,,,,,,,,,,,,,,,,1.3576970222e+03,8.8770909882e+02
47,,,,,,,,,,,,,,,,,,1.3562657293e+03,8.8864591503e+02
48,,,,,,,,,,,,,,,,,,1.3575402509e+03,8.8781161308e+02
49,,,,,,,,,,,,,,,,,,1.3571310078e+03,8.8807933283e+02
50,,,,,,,,,,,,,,,,,,1.3557306049e+03,8.8899667501e+02
51,,,,,,,,,,,,,,,,,,1.3562858054e+03,8.8863276100e+02
52,,,,,,,,,,,,,,,,,,1.3571117271e+03,8.8809194994e+02
53,,,,,,,,,,,,,,,,,,1.3570375258e+03,8.8814050984e+02
54,,,,,,,,,,,,,,,,,,1.3563806052e+03,8.8857065296e+02
55,,,,,,,,,,,,,,,,,,1.3563315369e+03,8.8860279894e+02
56,,,,,,,,,,,,,,,,,,1.3568192790e+03,8.8828336883e+02
57,,,,,,,,,,,,,,,,,,1.3567370561e+03,8.8833720183e+02
58,,,,,,,,,,,,,,,,,,1.3566022029e+03,8.8842550707e+02
59,,,,,,,,,,,,,,,,,,1.3562863047e+03,8.8863243389e+02
60,,,,,,,,,,,,,,,,,,1.3568230897e+03,8.8828087401e+02
61,,,,,,,,,,,,,,,,,,1.3572452199e+03,8.8800460100e+02
62,,,,,,,,,,,,,,,,,,1.3570215830e+03,8.8815094399e+02
63,,,,,,,,,,,,,,,,,,1.3567342563e+03,8.8833903503e+02
64,,,,,,,,,,,,,,,,,,1.3586938403e+03,8.8705782294e+02
65,,,,,,,,,,,,,,,,,,1.3596593760e+03,8.8642789602e+02
66,,,,,,,,,,,,,,,,,,1.3574151712e+03,8.8789342093e+02
67,,,,,,,,,,,,,,,,,,1.3589187718e+03,8.8691099501e+02
68,,,,,,,,,,,,,,,,,,1.3570535446e+03,8.8813002610e+02
69,,,,,,,,,,,,,,,,,,1.3587342504e+03,8.8703144097e+02
70,,,,,,,,,,,,,,,,,,1.3578825805e+03,8.8758779097e+02
71,,,,,,,,,,,,,,,,,,1.3573382751e+03,8.8794372201e+02
72,,,,,,,,,,,,,,,,,,1.3567624565e+03,8.8832057095e+02
73,,,,,,,,,,,,,,,,,,1.3569659981e+03,8.8818732500e+02
74,,,,,,,,,,,,,,,,,,1.3590001114e+03,8.8685791111e+02
75,,,,,,,,,,,,,,,,,,1.3577408187e+03,8.8768046403e+02
76,,,,,,,,,,,,,,,,,,1.3579798755e+03,8.8752419806e+02
77,,,,,,,,,,,,,,,,,,1.3566074861e+03,8.8842204714e+02
78,,,,,,,,,,,,,,,,,,1.3574290160e+03,8.8788436508e+02
79,,,,,,,,,,,,,,,,,,1.3585413364e+03,8.8715740013e+02
80,,,,,,,,,,,,,,,,,,1.3572077945e+03,8.8802908802e+02
81,,,,,,,,,,,,,,,,,,1.3628200781e+03,8.8437206006e+02
82,,,,,,,,,,,,,,,,,,1.3566116459e+03,8.8841932297e+02
83,,,,,,,,,,,,,,,,,,1.3560071168e+03,8.8881539416e+02
84,,,,,,,,,,,,,,,,,,1.3583445601e+03,8.8728591800e+02
85,,,,,,,,,,,,,,,,,,1.3569843852e+03,8.8817529011e+02
86,,,,,,,,,,,,,,,,,,1.3578823813e+03,8.8758792114e+02
87,,,,,,,,,,,,,,,,,,1.3577482154e+03,8.8767562819e+02
88,,,,,,,,,,,,,,,,,,1.3591303606e+03,8.8677292109e+02
89,,,,,,,,,,,,,,,,,,1.3570714131e+03,8.8811833215e+02
90,,,,,,,,,,,,,,,,,,1.3578357027e+03,8.8761843395e+02
91,,,,,,,,,,,,,,,,,,1.3568803171e+03,8.8824341011e+02
92,,,,,,,,,,,,,,,,,,1.3579047928e+03,8.8757327199e+02
93,,,,,,,,,,,,,,,,,,1.3583956190e+03,8.8725256705e+02
94,,,,,,,,,,,,,,,,,,1.3565303091e+03,8.8847259212e+02
95,,,,,,,,,,,,,,,,,,1.3575712478e+03,8.8779134202e+02
96,,,,,,,,,,,,,,,,,,1.3564700227e+03,8.8851207900e+02
97,,,,,,,,,,,,,,,,,,1.3554830064e+03,8.8915906310e+02
98,,,,,,,,,,,,,,,,,,1.3640114603e+03,8.8359961414e+02
99,,,,,,,,,,,,,,,,,,1.3602765174e+03,8.8602573419e+02
100,,,,,,,,,,,,,,,,,,1.3581018565e+03,8.8744448304e+02
101,,,,,,,,,,,,,,,,,,1.3600344384e+03,8.8618344212e+02
102,,,,,,,,,,,,,,,,,,1.3576411431e+03,8.8774563599e+02
103,,,,,,,,,,,,,,,,,,1.3573446173e+03,8.8793957305e+02
104,,,,,,,,,,,,,,,,,,1.3570690662e+03,8.8811986804e+02
105,,,,,,,,,,,,,,,,,,1.3574398141e+03,8.8787730217e+02
106,,,,,,,,,,,,,,,,,,1.3581193564e+03,8.8743304801e+02
107,,,,,,,,,,,,,,,,,,1.3567521575e+03,8.8832731414e+02
108,,,,,,,,,,,,,,,,,,1.3584111694e+03,8.8724241018e+02
109,,,,,,,,,,,,,,,,,,1.3587084678e+03,8.8704827309e+02
110,,,,,,,,,,,,,,,,,,1.3596772733e+03,8.8641622806e+02
111,,,,,,,,,,,,,,,,,,1.3566116838e+03,8.8841929817e+02
112,,,,,,,,,,,,,,,,,,1.3571396891e+03,8.8807365203e+02
113,,,,,,,,,,,,,,,,,,1.3568088141e+03,8.8829022002e+02
114,,,,,,,,,,,,,,,,,,1.3567615749e+03,8.8832114816e+02
115,,,,,,,,,,,,,,,,,,1.3570434783e+03,8.8813661408e+02
116,,,,,,,,,,,,,,,,,,1.3565317659e+03,8.8847163796e+02
117,,,,,,,,,,,,,,,,,,1.3582666036e+03,8.8733684301e+02
118,,,,,,,,,,,,,,,,,,1.3570347247e+03,8.8814234304e+02
119,,,,,,,,,,,,,,,,,,1.3571464467e+03,8.8806923008e+02
120,,,,,,,,,,,,,,,,,,1.3590234209e+03,8.8684270000e+02
121,,,,,,,,,,,,,,,,,,1.3562987833e+03,8.8862425804e+02
122,,,,,,,,,,,,,,,,,,1.3578733080e+03,8.8759385204e+02
123,,,,,,,,,,,,,,,,,,1.3587608808e+03,8.8701405597e+02
124,,,,,,,,,,,,,,,,,,1.3572873077e+03,8.8797706509e+02
125,,,,,,,,,,,,,,,,,,1.3562348363e+03,8.8866615701e+02
126,,,,,,,,,,,,,,,,,,1.3577921702e+03,8.8764689207e+02
127,,,,,,,,,,,,,,,,,,1.3559910935e+03,8.8882589698e+02
128,,,,,,,,,,,,,,,,,,1.3552524843e+03,8.8931030488e+02
129,,,,,,,,,,,,,,,,,,1.3574818899e+03,8.8784978199e+02
130,,,,,,,,,,,,,,,,,,1.3592244532e+03,8.8671153402e+02
131,,,,,,,,,,,,,,,,,,1.3574316732e+03,8.8788262701e+02
132,,,,,,,,,,,,,,,,,,1.3629621566e+03,8.8427987099e+02
133,,,,,,,,,,,,,,,,,,1.3640602013e+03,8.8356804109e+02
134,,,,,,,,,,,,,,,,,,1.3580527250e+03,8.8747658896e+02
135,,,,,,,,,,,,,,,,,,1.3654435093e+03,8.8267291307e+02
136,,,,,,,,,,,,,,,,,,1.3579244510e+03,8.8756042290e+02
137,,,,,,,,,,,,,,,,,,1.3570677875e+03,8.8812070489e+02
138,,,,,,,,,,,,,,,,,,1.3642987726e+03,8.8341353393e+02
139,,,,,,,,,,,,,,,,,,1.3563040474e+03,8.8862080908e+02
140,,,,,,,,,,,,,,,,,,1.3594562062e+03,8.8656037211e+02
141,,,,,,,,,,,,,,,,,,1.3628561435e+03,8.8434865689e+02
142,,,,,,,,,,,,,,,,,,1.3580988234e+03,8.8744646502e+02
143,,,,,,,,,,,,,,,,,,1.3596828845e+03,8.8641257000e+02
144,,,,,,,,,,,,,,,,,,1.3576495373e+03,8.8774014711e+02
145,,,,,,,,,,,,,,,,,,1.3582123920e+03,8.8737226009e+02
146,,,,,,,,,,,,,,,,,,1.3592891086e+03,8.8666935706e+02
147,,,,,,,,,,,,,,,,,,1.3570969015e+03,8.8810165191e+02
148,,,,,,,,,,,,,,,,,,1.3633753768e+03,8.8401185799e+02
149,,,,,,,,,,,,,,,,,,1.3574730096e+03,8.8785559011e+02
150,,,,,,,,,,,,,,,,,,1.3663383454e+03,8.8209483695e+02
151,,,,,,,,,,,,,,,,,,1.3563781093e+03,8.8857228804e+02
152,,,,,,,,,,,,,,,,,,1.3594745646e+03,8.8654839993e+02
153,,,,,,,,,,,,,,,,,,1.3562972830e+03,8.8862524104e+02
154,,,,,,,,,,,,,,,,,,1.3583362901e+03,8.8729132009e+02
155,,,,,,,,,,,,,,,,,,1.3593541642e+03,8.8662692308e+02
156,,,,,,,,,,,,,,,,,,1.3636022055e+03,8.8386480689e+02
157,,,,,,,,,,,,,,,,,,1.3633702610e+03,8.8401517510e+02
158,,,,,,,,,,,,,,,,,,1.3582773066e+03,8.8732985091e+02
159,,,,,,,,,,,,,,,,,,1.3589881544e+03,8.8686571407e+02
160,,,,,,,,,,,,,,,,,,1.3634681252e+03,8.8395172405e+02
161,,,,,,,,,,,,,,,,,,1.3627832892e+03,8.8439593410e+02
162,,,,,,,,,,,,,,,,,,1.3569243182e+03,8.8821460700e+02
163,,,,,,,,,,,,,,,,,,1.3578037820e+03,8.8763930106e+02
164,,,,,,,,,,,,,,,,,,1.3567246313e+03,8.8834533715e+02
165,,,,,,,,,,,,,,,,,,1.3570000425e+03,8.8816504216e+02
166,,,,,,,,,,,,,,,,,,1.3599251299e+03,8.8625467205e+02
167,,,,,,,,,,,,,,,,,,1.3582871033e+03,8.8732345104e+02
168,,,,,,,,,,,,,,,,,,1.3664901891e+03,8.8199681902e+02
169,,,,,,,,,,,,,,,,,,1.3631695717e+03,8.8414532208e+02
170,,,,,,,,,,,,,,,,,,1.3578531742e+03,8.8760701299e+02
171,,,,,,,,,,,,,,,,,,1.3585550329e+03,8.8714845610e+02
172,,,,,,,,,,,,,,,,,,1.3583718904e+03,8.8726806593e+02
173,,,,,,,,,,,,,,,,,,1.3564895448e+03,8.8849929190e+02
174,,,,,,,,,,,,,,,,,,1.3581066848e+03,8.8744132805e+02
175,,,,,,,,,,,,,,,,,,1.3582273982e+03,8.8736245608e+02
176,,,,,,,,,,,,,,,,,,1.3636946636e+03,8.8380488110e+02
177,,,,,,,,,,,,,,,,,,1.3588144587e+03,8.8697908115e+02
178,,,,,,,,,,,,,,,,,,1.3633591106e+03,8.8402240515e+02
179,,,,,,,,,,,,,,,,,,1.3637781967e+03,8.8375074697e+02
180,,,,,,,,,,,,,,,,,,1.3641504245e+03,8.8350960302e+02
181,,,,,,,,,,,,,,,,,,1.3575131608e+03,8.8782932997e+02
182,,,,,,,,,,,,,,,,,,1.3640114066e+03,8.8359964895e+02
183,,,,,,,,,,,,,,,,,,1.3628937484e+03,8.8432425594e+02
184,,,,,,,,,,,,,,,,,,1.3634373196e+03,8.8397169614e+02
185,,,,,,,,,,,,,,,,,,1.3649386569e+03,8.8299938893e+02
186,,,,,,,,,,,,,,,,,,1.3593695330e+03,8.8661689901e+02
187,,,,,,,,,,,,,,,,,,1.3591399996e+03,8.8676663208e+02
188,,,,,,,,,,,,,,,,,,1.3595617663e+03,8.8649153709e+02
189,,,,,,,,,,,,,,,,,,1.3589654456e+03,8.8688053393e+02
190,,,,,,,,,,,,,,,,,,1.3579871099e+03,8.8751946998e+02
191,,,,,,,,,,,,,,,,,,1.3589507464e+03,8.8689012694e+02
192,,,,,,,,,,,,,,,,,,1.3575237569e+03,8.8782240009e+02
193,,,,,,,,,,,,,,,,,,1.3572819150e+03,8.8798059320e+02
194,,,,,,,,,,,,,,,,,,1.3641225542e+03,8.8352765393e+02
195,,,,,,,,,,,,,,,,,,1.3572049960e+03,8.8803091908e+02
196,,,,,,,,,,,,,,,,,,1.3593585704e+03,8.8662404919e+02
197,,,,,,,,,,,,,,,,,,1.3592236470e+03,8.8671205997e+02
198,,,,,,,,,,,,,,,,,,1.3639417551e+03,8.8364477110e+02
199,,,,,,,,,,,,,,,,,,1.3579675265e+03,8.8753226900e+02
200,,,,,,,,,,,,,,,,,,1.3588508255e+03,8.8695534301e+02
201,,,,,,,,,,,,,,,,,,1.3580686149e+03,8.8746620512e+02
202,,,,,,,,,,,,,,,,,,1.3583173781e+03,8.8730367398e+02
203,,,,,,,,,,,,,,,,,,1.3591095610e+03,8.8678649211e+02
204,,,,,,,,,,,,,,,,,,1.3574410250e+03,8.8787651014e+02
205,,,,,,,,,,,,,,,,,,1.3578123434e+03,8.8763370419e+02
206,,,,,,,,,,,,,,,,,,1.3662904374e+03,8.8212576699e+02
207,,,,,,,,,,,,,,,,,,1.3584717376e+03,8.8720285201e+02
208,,,,,,,,,,,,,,,,,,1.3591278334e+03,8.8677456999e+02
209,,,,,,,,,,,,,,,,,,1.3633948819e+03,8.8399921107e+02
210,,,,,,,,,,,,,,,,,,1.3599590716e+03,8.8623255301e+02
211,,,,,,,,,,,,,,,,,,1.3583991801e+03,8.8725024104e+02
212,,,,,,,,,,,,,,,,,,1.3574876630e+03,8.8784600616e+02
213,,,,,,,,,,,,,,,,,,1.3589921568e+03,8.8686310220e+02
214,,,,,,,,,,,,,,,,,,1.3581612612e+03,8.8740566707e+02
215,,,,,,,,,,,,,,,,,,1.3580263225e+03,8.8749384308e+02
216,,,,,,,,,,,,,,,,,,1.3629399986e+03,8.8429424715e+02
217,,,,,,,,,,,,,,,,,,1.3590927390e+03,8.8679746819e+02
218,,,,,,,,,,,,,,,,,,1.3635079699e+03,8.8392589307e+02
219,,,,,,,,,,,,,,,,,,1.3584168650e+03,8.8723869014e+02
220,,,,,,,,,,,,,,,,,,1.3586356860e+03,8.8709579206e+02
221,,,,,,,,,,,,,,,,,,1.3650679053e+03,8.8291578412e+02
222,,,,,,,,,,,,,,,,,,1.3591282350e+03,8.8677430797e+02
223,,,,,,,,,,,,,,,,,,1.3597870636e+03,8.8634465814e+02
224,,,,,,,,,,,,,,,,,,1.3570112498e+03,8.8815770698e+02
225,,,,,,,,,,,,,,,,,,1.3573449643e+03,8.8793934608e+02
226,,,,,,,,,,,,,,,,,,1.3565412797e+03,8.8846540689e+02
227,,,,,,,,,,,,,,,,,,1.3568818891e+03,8.8824238110e+02
228,,,,,,,,,,,,,,,,,,1.3628659802e+03,8.8434227395e+02
229,,,,,,,,,,,,,,,,,,1.3594152961e+03,8.8658705211e+02
230,,,,,,,,,,,,,,,,,,1.3584259920e+03,8.8723272896e+02
231,,,,,,,,,,,,,,,,,,1.3594063909e+03,8.8659285998e+02
232,,,,,,,,,,,,,,,,,,1.3575679816e+03,8.8779347801e+02
233,,,,,,,,,,,,,,,,,,1.3576571106e+03,8.8773519516e+02
234,,,,,,,,,,,,,,,,,,1.3597125789e+03,8.8639321184e+02
235,,,,,,,,,,,,,,,,,,1.3629371629e+03,8.8429608703e+02
236,,,,,,,,,,,,,,,,,,1.3597763572e+03,8.8635163689e+02
237,,,,,,,,,,,,,,,,,,1.3587484007e+03,8.8702220321e+02
238,,,,,,,,,,,,,,,,,,1.3593270645e+03,8.8664459896e+02
239,,,,,,,,,,,,,,,,,,1.3571163982e+03,8.8808889318e+02
240,,,,,,,,,,,,,,,,,,1.3588646020e+03,8.8694635081e+02
241,,,,,,,,,,,,,,,,,,1.3596481253e+03,8.8643523097e+02
242,,,,,,,,,,,,,,,,,,1.3592558462e+03,8.8669105482e+02
243,,,,,,,,,,,,,,,,,,1.3591506627e+03,8.8675967503e+02
244,,,,,,,,,,,,,,,,,,1.3595221553e+03,8.8651736593e+02
245,,,,,,,,,,,,,,,,,,1.3590045676e+03,8.8685500312e+02
246,,,,,,,,,,,,,,,,,,1.3580355377e+03,8.8748782086e+02
247,,,,,,,,,,,,,,,,,,1.3599423650e+03,8.8624344015e+02
248,,,,,,,,,,,,,,,,,,1.3598317965e+03,8.8631550097e+02
249,,,,,,,,,,,,,,,,,,1.3582300494e+03,8.8736072397e+02
250,,,,,,,,,,,,,,,,,,1.3579260498e+03,8.8755937791e+02
251,,,,,,,,,,,,,,,,,,1.3628116290e+03,8.8437754297e+02
252,,,,,,,,,,,,,,,,,,1.3632958598e+03,8.8406341982e+02
253,,,,,,,,,,,,,,,,,,1.3629270892e+03,8.8430262303e+02
254,,,,,,,,,,,,,,,,,,1.3596649029e+03,8.8642429280e+02
255,,,,,,,,,,,,,,,,,,1.3595006505e+03,8.8653138900e+02
256,,,,,,,,,,,,,,,,,,1.3561256830e+03,8.8873768497e+02
257,,,,,,,,,,,,,,,,,,1.3566839911e+03,8.8837194800e+02
258,,,,,,,,,,,,,,,,,,1.3632983841e+03,8.8406178284e+02
259,,,,,,,,,,,,,,,,,,1.3586164625e+03,8.8710834384e+02
260,,,,,,,,,,,,,,,,,,1.3576056074e+03,8.8776887298e+02
261,,,,,,,,,,,,,,,,,,1.3570543778e+03,8.8812948084e+02
262,,,,,,,,,,,,,,,,,,1.3575113567e+03,8.8783050990e+02
263,,,,,,,,,,,,,,,,,,1.3568301315e+03,8.8827626395e+02
264,,,,,,,,,,,,,,,,,,1.3599554810e+03,8.8623489285e+02
265,,,,,,,,,,,,,,,,,,1.3586229099e+03,8.8710413408e+02
266,,,,,,,,,,,,,,,,,,1.3568623211e+03,8.8825519085e+02
267,,,,,,,,,,,,,,,,,,1.3629840963e+03,8.8426563692e+02
268,,,,,,,,,,,,,,,,,,1.3586211594e+03,8.8710527706e+02
269,,,,,,,,,,,,,,,,,,1.3568113389e+03,8.8828856707e+02
270,,,,,,,,,,,,,,,,,,1.3641485224e+03,8.8351083493e+02
271,,,,,,,,,,,,,,,,,,1.3628983734e+03,8.8432125497e+02
272,,,,,,,,,,,,,,,,,,1.3595648601e+03,8.8648951983e+02
273,,,,,,,,,,,,,,,,,,1.3589522987e+03,8.8688911390e+02
274,,,,,,,,,,,,,,,,,,1.3597570213e+03,8.8636424088e+02
275,,,,,,,,,,,,,,,,,,1.3572021717e+03,8.8803276706e+02
276,,,,,,,,,,,,,,,,,,1.3640903188e+03,8.8354853296e+02
277,,,,,,,,,,,,,,,,,,1.3633875192e+03,8.8400398493e+02
278,,,,,,,,,,,,,,,,,,1.3586787792e+03,8.8706765604e+02
279,,,,,,,,,,,,,,,,,,1.3661336842e+03,8.8222698402e+02
280,,,,,,,,,,,,,,,,,,1.3628742452e+03,8.8433691096e+02
281,,,,,,,,,,,,,,,,,,1.3565448875e+03,8.8846304393e+02
282,,,,,,,,,,,,,,,,,,1.3576566048e+03,8.8773552585e+02
283,,,,,,,,,,,,,,,,,,1.3584908562e+03,8.8719036603e+02
284,,,,,,,,,,,,,,,,,,1.3653794133e+03,8.8271434903e+02
285,,,,,,,,,,,,,,,,,,1.3568004852e+03,8.8829567289e+02
286,,,,,,,,,,,,,,,,,,1.3591123538e+03,8.8678466988e+02
287,,,,,,,,,,,,,,,,,,1.3576378736e+03,8.8774777389e+02
288,,,,,,,,,,,,,,,,,,1.3571565269e+03,8.8806263399e+02
289,,,,,,,,,,,,,,,,,,1.3577482095e+03,8.8767563200e+02
290,,,,,,,,,,,,,,,,,,1.3595999305e+03,8.8646665311e+02
291,,,,,,,,,,,,,,,,,,1.3585000941e+03,8.8718433309e+02
292,,,,,,,,,,,,,,,,,,1.3577182201e+03,8.8769523907e+02
293,,,,,,,,,,,,,,,,,,1.3583568993e+03,8.8727785802e+02
294,,,,,,,,,,,,,,,,,,1.3577558346e+03,8.8767064691e+02
295,,,,,,,,,,,,,,,,,,1.3582579262e+03,8.8734251189e+02
296,,,,,,,,,,,,,,,,,,1.3583307518e+03,8.8729493785e+02
297,,,,,,,,,,,,,,,,,,1.3587596690e+03,8.8701484704e+02
298,,,,,,,,,,,,,,,,,,1.3647774337e+03,8.8310369897e+02
299,,,,,,,,,,,,,,,,,,1.3659264329e+03,8.8236084390e+02
300,,,,,,,,,,,,,,,,,,1.3600609358e+03,8.8616617703e+02
301,,,,,,,,,,,,,,,,,,1.3574316244e+03,8.8788265896e+02
302,,,,,,,,,,,,,,,,,,1.3587776285e+03,8.8700312304e+02
303,,,,,,,,,,,,,,,,,,1.3572977782e+03,8.8797021508e+02
304,,,,,,,,,,,,,,,,,,1.3629943972e+03,8.8425895405e+02
305,,,,,,,,,,,,,,,,,,1.3570240307e+03,8.8814934206e+02
306,,,,,,,,,,,,,,,,,,1.3599669805e+03,8.8622739911e+02
307,,,,,,,,,,,,,,,,,,1.3567050020e+03,8.8835819006e+02
308,,,,,,,,,,,,,,,,,,1.3567461339e+03,8.8833125806e+02
309,,,,,,,,,,,,,,,,,,1.3584689799e+03,8.8720465302e+02
310,,,,,,,,,,,,,,,,,,1.3578344499e+03,8.8761925292e+02
311,,,,,,,,,,,,,,,,,,1.3594133491e+03,8.8658832192e+02
312,,,,,,,,,,,,,,,,,,1.3590015414e+03,8.8685697794e+02
313,,,,,,,,,,,,,,,,,,1.3568800593e+03,8.8824357891e+02
314,,,,,,,,,,,,,,,,,,1.3632954017e+03,8.8406371689e+02
315,,,,,,,,,,,,,,,,,,1.3579529681e+03,8.8754178405e+02
316,,,,,,,,,,,,,,,,,,1.3590693785e+03,8.8681271100e+02
317,,,,,,,,,,,,,,,,,,1.3581986612e+03,8.8738123107e+02
318,,,,,,,,,,,,,,,,,,1.3601171445e+03,8.8612955499e+02
319,,,,,,,,,,,,,,,,,,1.3607279452e+03,8.8573179102e+02
320,,,,,,,,,,,,,,,,,,1.3577755920e+03,8.8765773010e+02
321,,,,,,,,,,,,,,,,,,1.3590978367e+03,8.8679414201e+02
322,,,,,,,,,,,,,,,,,,1.3616594840e+03,8.8512584400e+02
323,,,,,,,,,,,,,,,,,,1.3579518300e+03,8.8754252791e+02
324,,,,,,,,,,,,,,,,,,1.3568753158e+03,8.8824668407e+02
325,,,,,,,,,,,,,,,,,,1.3568071327e+03,8.8829132080e+02
326,,,,,,,,,,,,,,,,,,1.3591239264e+03,8.8677711916e+02
327,,,,,,,,,,,,,,,,,,1.3583674355e+03,8.8727097583e+02
328,,,,,,,,,,,,,,,,,,1.3594384298e+03,8.8657196498e+02
329,,,,,,,,,,,,,,,,,,1.3592388747e+03,8.8670212603e+02
330,,,,,,,,,,,,,,,,,,1.3594708366e+03,8.8655083108e+02
331,,,,,,,,,,,,,,,,,,1.3569385139e+03,8.8820531487e+02
332,,,,,,,,,,,,,,,,,,1.3593816762e+03,8.8660897899e+02
333,,,,,,,,,,,,,,,,,,1.3579301028e+03,8.8755672884e+02
334,,,,,,,,,,,,,,,,,,1.3580469697e+03,8.8748035002e+02
335,,,,,,,,,,,,,,,,,,1.3582805197e+03,8.8732775187e+02
336,,,,,,,,,,,,,,,,,,1.3638861468e+03,8.8368079901e+02
337,,,,,,,,,,,,,,,,,,1.3584659638e+03,8.8720662284e+02
338,,,,,,,,,,,,,,,,,,1.3636556195e+03,8.8383018613e+02
339,,,,,,,,,,,,,,,,,,1.3633169664e+03,8.8404973292e+02
340,,,,,,,,,,,,,,,,,,1.3648471886e+03,8.8305856514e+02
341,,,,,,,,,,,,,,,,,,1.3578603153e+03,8.8760234499e+02
342,,,,,,,,,,,,,,,,,,1.3584786921e+03,8.8719831014e+02
343,,,,,,,,,,,,,,,,,,1.3595942806e+03,8.8647033691e+02
344,,,,,,,,,,,,,,,,,,1.3579019178e+03,8.8757515121e+02
345,,,,,,,,,,,,,,,,,,1.3595322170e+03,8.8651080489e+02
346,,,,,,,,,,,,,,,,,,1.3584564749e+03,8.8721282005e+02
347,,,,,,,,,,,,,,,,,,1.3577985018e+03,8.8764275289e+02
348,,,,,,,,,,,,,,,,,,1.3576951253e+03,8.8771033907e+02
349,,,,,,,,,,,,,,,,,,1.3567680512e+03,8.8831690788e+02
350,,,,,,,,,,,,,,,,,,1.3630695983e+03,8.8421016908e+02
351,,,,,,,,,,,,,,,,,,1.3568434832e+03,8.8826752305e+02
352,,,,,,,,,,,,,,,,,,1.3617709130e+03,8.8505341721e+02
353,,,,,,,,,,,,,,,,,,1.3654099048e+03,8.8269463682e+02
354,,,,,,,,,,,,,,,,,,1.3651016961e+03,8.8289392900e+02
355,,,,,,,,,,,,,,,,,,1.3577189163e+03,8.8769478393e+02
356,,,,,,,,,,,,,,,,,,1.3633340530e+03,8.8403865314e+02
357,,,,,,,,,,,,,,,,,,1.3590833740e+03,8.8680357885e+02
358,,,,,,,,,,,,,,,,,,1.3587104179e+03,8.8704699993e+02
359,,,,,,,,,,,,,,,,,,1.3579237900e+03,8.8756085491e+02
360,,,,,,,,,,,,,,,,,,1.3557368075e+03,8.8899260783e+02
361,,,,,,,,,,,,,,,,,,1.3591680226e+03,8.8674834895e+02
362,,,,,,,,,,,,,,,,,,1.3586753576e+03,8.8706989002e+02
363,,,,,,,,,,,,,,,,,,1.3579904960e+03,8.8751725698e+02
364,,,,,,,,,,,,,,,,,,1.3584851542e+03,8.8719408989e+02
365,,,,,,,,,,,,,,,,,,1.3571992636e+03,8.8803466988e+02
366,,,,,,,,,,,,,,,,,,1.3575988740e+03,8.8777327609e+02
367,,,,,,,,,,,,,,,,,,1.3582901084e+03,8.8732148790e+02
368,,,,,,,,,,,,,,,,,,1.3585814176e+03,8.8713122702e+02
369,,,,,,,,,,,,,,,,,,1.3596020873e+03,8.8646524692e+02
370,,,,,,,,,,,,,,,,,,1.3596815653e+03,8.8641342998e+02
371,,,,,,,,,,,,,,,,,,1.3590693833e+03,8.8681270790e+02
372,,,,,,,,,,,,,,,,,,1.3585518784e+03,8.8715051603e+02
373,,,,,,,,,,,,,,,,,,1.3578200859e+03,8.8762864280e+02
374,,,,,,,,,,,,,,,,,,1.3630855552e+03,8.8419981813e+02
375,,,,,,,,,,,,,,,,,,1.3566959429e+03,8.8836412191e+02
376,,,,,,,,,,,,,,,,,,1.3583299109e+03,8.8729548717e+02
377,,,,,,,,,,,,,,,,,,1.3630192019e+03,8.8424286199e+02
378,,,,,,,,,,,,,,,,,,1.3628875743e+03,8.8432826209e+02
379,,,,,,,,,,,,,,,,,,1.3588530868e+03,8.8695386696e+02
380,,,,,,,,,,,,,,,,,,1.3627917673e+03,8.8439043212e+02
381,,,,,,,,,,,,,,,,,,1.3575376990e+03,8.8781328201e+02
382,,,,,,,,,,,,,,,,,,1.3571548763e+03,8.8806371403e+02
383,,,,,,,,,,,,,,,,,,1.3594906721e+03,8.8653789592e+02
384,,,,,,,,,,,,,,,,,,1.3558267653e+03,8.8893362403e+02
385,,,,,,,,,,,,,,,,,,1.3579263693e+03,8.8755916905e+02
386,,,,,,,,,,,,,,,,,,1.3588458341e+03,8.8695860100e+02
387,,,,,,,,,,,,,,,,,,1.3569603056e+03,8.8819105101e+02
388,,,,,,,,,,,,,,,,,,1.3630843684e+03,8.8420058799e+02
389,,,,,,,,,,,,,,,,,,1.3591685342e+03,8.8674801517e+02
390,,,,,,,,,,,,,,,,,,1.3583527751e+03,8.8728055191e+02
391,,,,,,,,,,,,,,,,,,1.3570546678e+03,8.8812929106e+02
392,,,,,,,,,,,,,,,,,,1.3574912792e+03,8.8784364104e+02
393,,,,,,,,,,,,,,,,,,1.3576314137e+03,8.8775199795e+02
394,,,,,,,,,,,,,,,,,,1.3594597930e+03,8.8655803299e+02
395,,,,,,,,,,,,,,,,,,1.3582517053e+03,8.8734657598e+02
396,,,,,,,,,,,,,,,,,,1.3592970485e+03,8.8666417789e+02
397,,,,,,,,,,,,,,,,,,1.3566299473e+03,8.8840733790e+02
398,,,,,,,,,,,,,,,,,,1.3577457761e+03,8.8767722297e+02
399,,,,,,,,,,,,,,,,,,1.3589250967e+03,8.8690686703e+02
400,,,,,,,,,,,,,,,,,,1.3635044992e+03,8.8392814302e+02
401,,,,,,,,,,,,,,,,,,1.3571085487e+03,8.8809402990e+02
402,,,,,,,,,,,,,,,,,,1.3579739483e+03,8.8752807188e+02
403,,,,,,,,,,,,,,,,,,1.3564602505e+03,8.8851848006e+02
404,,,,,,,,,,,,,,,,,,1.3582179163e+03,8.8736865091e+02
405,,,,,,,,,,,,,,,,,,1.3564970941e+03,8.8849434710e+02
406,,,,,,,,,,,,,,,,,,1.3584238423e+03,8.8723413301e+02
407,,,,,,,,,,,,,,,,,,1.3573495780e+03,8.8793632793e+02
408,,,,,,,,,,,,,,,,,,1.3572011831e+03,8.8803341389e+02
409,,,,,,,,,,,,,,,,,,1.3575168289e+03,8.8782693100e+02
410,,,,,,,,,,,,,,,,,,1.3588240980e+03,8.8697278905e+02
411,,,,,,,,,,,,,,,,,,1.3597612721e+03,8.8636146998e+02
412,,,,,,,,,,,,,,,,,,1.3650922182e+03,8.8290005898e+02
413,,,,,,,,,,,,,,,,,,1.3597649509e+03,8.8635907197e+02
414,,,,,,,,,,,,,,,,,,1.3572434683e+03,8.8800574708e+02
415,,,,,,,,,,,,,,,,,,1.3629324218e+03,8.8429916310e+02
416,,,,,,,,,,,,,,,,,,1.3637637173e+03,8.8376012993e+02
417,,,,,,,,,,,,,,,,,,1.3629225379e+03,8.8430557609e+02
418,,,,,,,,,,,,,,,,,,1.3586488498e+03,8.8708719707e+02
419,,,,,,,,,,,,,,,,,,1.3585761252e+03,8.8713468289e+02
420,,,,,,,,,,,,,,,,,,1.3578598488e+03,8.8760264993e+02
421,,,,,,,,,,,,,,,,,,1.3574365991e+03,8.8787940502e+02
422,,,,,,,,,,,,,,,,,,1.3584771979e+03,8.8719928598e+02
423,,,,,,,,,,,,,,,,,,1.3585351469e+03,8.8716144204e+02
424,,,,,,,,,,,,,,,,,,1.3590131109e+03,8.8684942794e+02
425,,,,,,,,,,,,,,,,,,1.3580331196e+03,8.8748940110e+02
426,,,,,,,,,,,,,,,,,,1.3645137628e+03,8.8327434492e+02
427,,,,,,,,,,,,,,,,,,1.3572853027e+03,8.8797837687e+02
428,,,,,,,,,,,,,,,,,,1.3584602109e+03,8.8721038008e+02
429,,,,,,,,,,,,,,,,,,1.3577681447e+03,8.8766259885e+02
430,,,,,,,,,,,,,,,,,,1.3589527550e+03,8.8688881612e+02
431,,,,,,,,,,,,,,,,,,1.3584396494e+03,8.8722380900e+02
432,,,,,,,,,,,,,,,,,,1.3603097566e+03,8.8600408411e+02
433,,,,,,,,,,,,,,,,,,1.3581035324e+03,8.8744338799e+02
434,,,,,,,,,,,,,,,,,,1.3631794534e+03,8.8413891292e+02
435,,,,,,,,,,,,,,,,,,1.3570945665e+03,8.8810317993e+02
436,,,,,,,,,,,,,,,,,,1.3582136933e+03,8.8737140989e+02
437,,,,,,,,,,,,,,,,,,1.3597208086e+03,8.8638784695e+02
438,,,,,,,,,,,,,,,,,,1.3595278338e+03,8.8651366305e+02
439,,,,,,,,,,,,,,,,,,1.3598665574e+03,8.8629284501e+02
440,,,,,,,,,,,,,,,,,,1.3633783872e+03,8.8400990605e+02
441,,,,,,,,,,,,,,,,,,1.3597741418e+03,8.8635308099e+02
442,,,,,,,,,,,,,,,,,,1.3644764389e+03,8.8329850602e+02
443,,,,,,,,,,,,,,,,,,1.3578719632e+03,8.8759473109e+02
444,,,,,,,,,,,,,,,,,,1.3596989677e+03,8.8640208507e+02
445,,,,,,,,,,,,,,,,,,1.3585463409e+03,8.8715413213e+02
446,,,,,,,,,,,,,,,,,,1.3636356887e+03,8.8384310412e+02
447,,,,,,,,,,,,,,,,,,1.3574238258e+03,8.8788775992e+02
448,,,,,,,,,,,,,,,,,,1.3658527130e+03,8.8240846801e+02
449,,,,,,,,,,,,,,,,,,1.3594845409e+03,8.8654189420e+02
450,,,,,,,,,,,,,,,,,,1.3570471883e+03,8.8813418603e+02
451,,,,,,,,,,,,,,,,,,1.3565947055e+03,8.8843041706e+02
452,,,,,,,,,,,,,,,,,,1.3632061223e+03,8.8412161613e+02
453,,,,,,,,,,,,,,,,,,1.3654019520e+03,8.8269977808e+02
454,,,,,,,,,,,,,,,,,,1.3644935362e+03,8.8328743815e+02
455,,,,,,,,,,,,,,,,,,1.3580250924e+03,8.8749464703e+02
456,,,,,,,,,,,,,,,,,,1.3589291264e+03,8.8690423703e+02
457,,,,,,,,,,,,,,,,,,1.3567021062e+03,8.8836008620e+02
458,,,,,,,,,,,,,,,,,,1.3619450701e+03,8.8494024205e+02
459,,,,,,,,,,,,,,,,,,1.3598625145e+03,8.8629548001e+02
460,,,,,,,,,,,,,,,,,,1.3601127898e+03,8.8613239217e+02
461,,,,,,,,,,,,,,,,,,1.3575370216e+03,8.8781372499e+02
462,,,,,,,,,,,,,,,,,,1.3577866896e+03,8.8765047503e+02
463,,,,,,,,,,,,,,,,,,1.3578420281e+03,8.8761429906e+02
464,,,,,,,,,,,,,,,,,,1.3580441984e+03,8.8748216105e+02
465,,,,,,,,,,,,,,,,,,1.3653526806e+03,8.8273163199e+02
466,,,,,,,,,,,,,,,,,,1.3577454227e+03,8.8767745399e+02
467,,,,,,,,,,,,,,,,,,1.3591606068e+03,8.8675318718e+02
468,,,,,,,,,,,,,,,,,,1.3628870827e+03,8.8432858109e+02
469,,,,,,,,,,,,,,,,,,1.3567014635e+03,8.8836050701e+02
470,,,,,,,,,,,,,,,,,,1.3597153782e+03,8.8639138699e+02
471,,,,,,,,,,,,,,,,,,1.3601033535e+03,8.8613854003e+02
472,,,,,,,,,,,,,,,,,,1.3559169914e+03,8.8887447214e+02
473,,,,,,,,,,,,,,,,,,1.3632208351e+03,8.8411207414e+02
474,,,,,,,,,,,,,,,,,,1.3594901153e+03,8.8653825903e+02
475,,,,,,,,,,,,,,,,,,1.3578408515e+03,8.8761506820e+02
476,,,,,,,,,,,,,,,,,,1.3596739845e+03,8.8641837215e+02
477,,,,,,,,,,,,,,,,,,1.3581136863e+03,8.8743675303e+02
478,,,,,,,,,,,,,,,,,,1.3593900935e+03,8.8660348916e+02
479,,,,,,,,,,,,,,,,,,1.3587309814e+03,8.8703357506e+02
480,,,,,,,,,,,,,,,,,,1.3584593125e+03,8.8721096683e+02
481,,,,,,,,,,,,,,,,,,1.3569322301e+03,8.8820942807e+02
482,,,,,,,,,,,,,,,,,,1.3637167593e+03,8.8379056120e+02
483,,,,,,,,,,,,,,,,,,1.3591690034e+03,8.8674770904e+02
484,,,,,,,,,,,,,,,,,,1.3575925203e+03,8.8777743101e+02
485,,,,,,,,,,,,,,,,,,1.3565577830e+03,8.8845459819e+02
486,,,,,,,,,,,,,,,,,,1.3653842392e+03,8.8271122909e+02
487,,,,,,,,,,,,,,,,,,1.3572770026e+03,8.8798380709e+02
488,,,,,,,,,,,,,,,,,,1.3602155188e+03,8.8606546783e+02
489,,,,,,,,,,,,,,,,,,1.3566889327e+03,8.8836871219e+02
490,,,,,,,,,,,,,,,,,,1.3662869196e+03,8.8212803817e+02
491,,,,,,,,,,,,,,,,,,1.3641153375e+03,8.8353232813e+02
492,,,,,,,,,,,,,,,,,,1.3613884983e+03,8.8530202913e+02
493,,,,,,,,,,,,,,,,,,1.3568646899e+03,8.8825364017e+02
494,,,,,,,,,,,,,,,,,,1.3568570876e+03,8.8825861692e+02
495,,,,,,,,,,,,,,,,,,1.3573631492e+03,8.8792745018e+02
496,,,,,,,,,,,,,,,,,,1.3648992106e+03,8.8302490807e+02
497,,,,,,,,,,,,,,,,,,1.3598692699e+03,8.8629107714e+02
498,,,,,,,,,,,,,,,,,,1.3595077182e+03,8.8652678013e+02
499,,,,,,,,,,,,,,,,,,1.3568132206e+03,8.8828733516e+02
500,,,,,,,,,,,,,,,,,,1.3575035109e+03,8.8783564115e+02
501,,,,,,,,,,,,,,,,,,1.3582186505e+03,8.8736817122e+02
502,,,,,,,,,,,,,,,,,,1.3571474246e+03,8.8806859016e+02
503,,,,,,,,,,,,,,,,,,1.3571953553e+03,8.8803722715e+02
504,,,,,,,,,,,,,,,,,,1.3585299406e+03,8.8716484189e+02
505,,,,,,,,,,,,,,,,,,1.3590064064e+03,8.8685380316e+02
506,,,,,,,,,,,,,,,,,,1.3566977157e+03,8.8836296105e+02
507,,,,,,,,,,,,,,,,,,1.3566543327e+03,8.8839136910e+02
508,,,,,,,,,,,,,,,,,,1.3584243366e+03,8.8723381019e+02
509,,,,,,,,,,,,,,,,,,1.3646211060e+03,8.8320486522e+02
510,,,,,,,,,,,,,,,,,,1.3591262851e+03,8.8677558017e+02
511,,,,,,,,,,,,,,,,,,1.3573876196e+03,8.8791144300e+02
512,,,,,,,,,,,,,,,,,,1.3555567914e+03,8.8911066484e+02
513,,,,,,,,,,,,,,,,,,1.3570075156e+03,8.8816015100e+02
514,,,,,,,,,,,,,,,,,,1.3601433579e+03,8.8611247706e+02
515,,,,,,,,,,,,,,,,,,1.3566338822e+03,8.8840476108e+02
516,,,,,,,,,,,,,,,,,,1.3659775679e+03,8.8232781291e+02
517,,,,,,,,,,,,,,,,,,1.3637335789e+03,8.8377966094e+02
518,,,,,,,,,,,,,,,,,,1.3593596118e+03,8.8662336993e+02
519,,,,,,,,,,,,,,,,,,1.3572795903e+03,8.8798211408e+02
520,,,,,,,,,,,,,,,,,,1.3605757113e+03,8.8583089495e+02
521,,,,,,,,,,,,,,,,,,1.3579427280e+03,8.8754847693e+02
522,,,,,,,,,,,,,,,,,,1.3565068382e+03,8.8848796487e+02
523,,,,,,,,,,,,,,,,,,1.3597279295e+03,8.8638320494e+02
524,,,,,,,,,,,,,,,,,,1.3645270795e+03,8.8326572490e+02
525,,,,,,,,,,,,,,,,,,1.3638217878e+03,8.8372250009e+02
526,,,,,,,,,,,,,,,,,,1.3646241411e+03,8.8320290089e+02
527,,,,,,,,,,,,,,,,,,1.3581490344e+03,8.8741365600e+02
528,,,,,,,,,,,,,,,,,,1.3579045389e+03,8.8757343793e+02
529,,,,,,,,,,,,,,,,,,1.3627256134e+03,8.8443336511e+02
530,,,,,,,,,,,,,,,,,,1.3631638828e+03,8.8414901185e+02
531,,,,,,,,,,,,,,,,,,1.3633630758e+03,8.8401983404e+02
532,,,,,,,,,,,,,,,,,,1.3633468473e+03,8.8403035688e+02
533,,,,,,,,,,,,,,,,,,1.3587955731e+03,8.8699140906e+02
534,,,,,,,,,,,,,,,,,,1.3598117027e+03,8.8632859802e+02
535,,,,,,,,,,,,,,,,,,1.3588713735e+03,8.8694193101e+02
536,,,,,,,,,,,,,,,,,,1.3589864951e+03,8.8686679697e+02
537,,,,,,,,,,,,,,,,,,1.3561248557e+03,8.8873822713e+02
538,,,,,,,,,,,,,,,,,,1.3636638128e+03,8.8382487583e+02
539,,,,,,,,,,,,,,,,,,1.3629917060e+03,8.8426069999e+02
540,,,,,,,,,,,,,,,,,,1.3598804910e+03,8.8628376389e+02
541,,,,,,,,,,,,,,,,,,1.3564840302e+03,8.8850290394e+02
542,,,,,,,,,,,,,,,,,,1.3680614709e+03,8.8098380494e+02
543,,,,,,,,,,,,,,,,,,1.3633796382e+03,8.8400909495e+02
544,,,,,,,,,,,,,,,,,,1.3587593137e+03,8.8701507902e+02
545,,,,,,,,,,,,,,,,,,1.3588551429e+03,8.8695252490e+02
546,,,,,,,,,,,,,,,,,,1.3593146555e+03,8.8665269303e+02
547,,,,,,,,,,,,,,,,,,1.3585517499e+03,8.8715059996e+02
548,,,,,,,,,,,,,,,,,,1.3600880420e+03,8.8614851594e+02
549,,,,,,,,,,,,,,,,,,1.3569527048e+03,8.8819602609e+02
550,,,,,,,,,,,,,,,,,,1.3595391517e+03,8.8650628304e+02
551,,,,,,,,,,,,,,,,,,1.3581685939e+03,8.8740087605e+02
552,,,,,,,,,,,,,,,,,,1.3575439086e+03,8.8780922103e+02
553,,,,,,,,,,,,,,,,,,1.3618259725e+03,8.8501763391e+02
554,,,,,,,,,,,,,,,,,,1.3567956600e+03,8.8829883194e+02
555,,,,,,,,,,,,,,,,,,1.3592201458e+03,8.8671434402e+02
556,,,,,,,,,,,,,,,,,,1.3633239275e+03,8.8404521894e+02
557,,,,,,,,,,,,,,,,,,1.3643233575e+03,8.8339761496e+02
558,,,,,,,,,,,,,,,,,,1.3605719791e+03,8.8583332491e+02
559,,,,,,,,,,,,,,,,,,1.3577653852e+03,8.8766440296e+02
560,,,,,,,,,,,,,,,,,,1.3562040045e+03,8.8868635988e+02
561,,,,,,,,,,,,,,,,,,1.3571298401e+03,8.8808009696e+02
562,,,,,,,,,,,,,,,,,,1.3588029845e+03,8.8698657107e+02
563,,,,,,,,,,,,,,,,,,1.3570197037e+03,8.8815217400e+02
564,,,,,,,,,,,,,,,,,,1.3584511480e+03,8.8721629906e+02
565,,,,,,,,,,,,,,,,,,1.3567305389e+03,8.8834146905e+02
566,,,,,,,,,,,,,,,,,,1.3571876651e+03,8.8804225898e+02
567,,,,,,,,,,,,,,,,,,1.3567336944e+03,8.8833940291e+02
568,,,,,,,,,,,,,,,,,,1.3569436118e+03,8.8820197797e+02
569,,,,,,,,,,,,,,,,,,1.3628523351e+03,8.8435112810e+02
570,,,,,,,,,,,,,,,,,,1.3645259996e+03,8.8326642394e+02
571,,,,,,,,,,,,,,,,,,1.3591142985e+03,8.8678340101e+02
572,,,,,,,,,,,,,,,,,,1.3581298137e+03,8.8742621493e+02
573,,,,,,,,,,,,,,,,,,1.3581611299e+03,8.8740575290e+02
574,,,,,,,,,,,,,,,,,,1.3581874500e+03,8.8738855600e+02
575,,,,,,,,,,,,,,,,,,1.3571024072e+03,8.8809804893e+02
576,,,,,,,,,,,,,,,,,,1.3597880087e+03,8.8634404206e+02
577,,,,,,,,,,,,,,,,,,1.3592966863e+03,8.8666441417e+02
578,,,,,,,,,,,,,,,,,,1.3572010822e+03,8.8803347993e+02
579,,,,,,,,,,,,,,,,,,1.3586147055e+03,8.8710949111e+02
580,,,,,,,,,,,,,,,,,,1.3645065328e+03,8.8327902508e+02
581,,,,,,,,,,,,,,,,,,1.3570672417e+03,8.8812106204e+02
582,,,,,,,,,,,,,,,,,,1.3575569259e+03,8.8780070806e+02
583,,,,,,,,,,,,,,,,,,1.3579250795e+03,8.8756001210e+02
584,,,,,,,,,,,,,,,,,,1.3595675484e+03,8.8648776698e+02
585,,,,,,,,,,,,,,,,,,1.3574907470e+03,8.8784398913e+02
586,,,,,,,,,,,,,,,,,,1.3581417403e+03,8.8741842198e+02
587,,,,,,,,,,,,,,,,,,1.3578114455e+03,8.8763429117e+02
588,,,,,,,,,,,,,,,,,,1.3639142547e+03,8.8366258788e+02
589,,,,,,,,,,,,,,,,,,1.3580335756e+03,8.8748910308e+02
590,,,,,,,,,,,,,,,,,,1.3570291722e+03,8.8814597702e+02
591,,,,,,,,,,,,,,,,,,1.3574572437e+03,8.8786590195e+02
592,,,,,,,,,,,,,,,,,,1.3641891262e+03,8.8348453808e+02
593,,,,,,,,,,,,,,,,,,1.3578361400e+03,8.8761814809e+02
594,,,,,,,,,,,,,,,,,,1.3586462587e+03,8.8708888888e+02
595,,,,,,,,,,,,,,,,,,1.3635008756e+03,8.8393049216e+02
596,,,,,,,,,,,,,,,,,,1.3566847317e+03,8.8837146306e+02
597,,,,,,,,,,,,,,,,,,1.3568400143e+03,8.8826979399e+02
598,,,,,,,,,,,,,,,,,,1.3629262294e+03,8.8430318093e+02
599,,,,,,,,,,,,,,,,,,1.3589509057e+03,8.8689002299e+02
600,,,,,,,,,,,,,,,,,,1.3577625935e+03,8.8766622806e+02
601,,,,,,,,,,,,,,,,,,1.3596049841e+03,8.8646335816e+02
602,,,,,,,,,,,,,,,,,,1.3575163521e+03,8.8782724285e+02
603,,,,,,,,,,,,,,,,,,1.3566394406e+03,8.8840112114e+02
604,,,,,,,,,,,,,,,,,,1.3579568484e+03,8.8753924799e+02
605,,,,,,,,,,,,,,,,,,1.3560297563e+03,8.8880055499e+02
606,,,,,,,,,,,,,,,,,,1.3573917091e+03,8.8790876794e+02
607,,,,,,,,,,,,,,,,,,1.3575107785e+03,8.8783088803e+02
608,,,,,,,,,,,,,,,,,,1.3596667248e+03,8.8642310500e+02
609,,,,,,,,,,,,,,,,,,1.3577117610e+03,8.8769946218e+02
610,,,,,,,,,,,,,,,,,,1.3668630604e+03,8.8175621605e+02
611,,,,,,,,,,,,,,,,,,1.3593138689e+03,8.8665320611e+02
612,,,,,,,,,,,,,,,,,,1.3598809358e+03,8.8628347397e+02
613,,,,,,,,,,,,,,,,,,1.3584376372e+03,8.8722512317e+02
614,,,,,,,,,,,,,,,,,,1.3595733286e+03,8.8648399806e+02
615,,,,,,,,,,,,,,,,,,1.3581534773e+03,8.8741075301e+02
616,,,,,,,,,,,,,,,,,,1.3579358505e+03,8.8755297208e+02
617,,,,,,,,,,,,,,,,,,1.3655572207e+03,8.8259941196e+02
618,,,,,,,,,,,,,,,,,,1.3639037295e+03,8.8366940713e+02
619,,,,,,,,,,,,,,,,,,1.3629393930e+03,8.8429464006e+02
620,,,,,,,,,,,,,,,,,,1.3629536363e+03,8.8428539896e+02
621,,,,,,,,,,,,,,,,,,1.3593670539e+03,8.8661851597e+02
622,,,,,,,,,,,,,,,,,,1.3575045692e+03,8.8783494902e+02
623,,,,,,,,,,,,,,,,,,1.3573917929e+03,8.8790871310e+02
624,,,,,,,,,,,,,,,,,,1.3592444991e+03,8.8669845700e+02
625,,,,,,,,,,,,,,,,,,1.3628495938e+03,8.8435290694e+02
626,,,,,,,,,,,,,,,,,,1.3652825890e+03,8.8277695012e+02
627,,,,,,,,,,,,,,,,,,1.3573207432e+03,8.8795519114e+02
628,,,,,,,,,,,,,,,,,,1.3592752716e+03,8.8667838311e+02
629,,,,,,,,,,,,,,,,,,1.3573039750e+03,8.8796616101e+02
630,,,,,,,,,,,,,,,,,,1.3562737648e+03,8.8864065003e+02
631,,,,,,,,,,,,,,,,,,1.3575360107e+03,8.8781438613e+02
632,,,,,,,,,,,,,,,,,,1.3638863121e+03,8.8368069196e+02
633,,,,,,,,,,,,,,,,,,1.3597301261e+03,8.8638177299e+02
634,,,,,,,,,,,,,,,,,,1.3586378010e+03,8.8709441113e+02
635,,,,,,,,,,,,,,,,,,1.3585663255e+03,8.8714108205e+02
636,,,,,,,,,,,,,,,,,,1.3575786291e+03,8.8778651500e+02
637,,,,,,,,,,,,,,,,,,1.3575849171e+03,8.8778240299e+02
638,,,,,,,,,,,,,,,,,,1.3640591192e+03,8.8356874204e+02
639,,,,,,,,,,,,,,,,,,1.3584896205e+03,8.8719117308e+02
640,,,,,,,,,,,,,,,,,,1.3553067796e+03,8.8927467799e+02
641,,,,,,,,,,,,,,,,,,1.3579852476e+03,8.8752068710e+02
642,,,,,,,,,,,,,,,,,,1.3600824060e+03,8.8615218806e+02
643,,,,,,,,,,,,,,,,,,1.3575498124e+03,8.8780536008e+02
644,,,,,,,,,,,,,,,,,,1.3587310077e+03,8.8703355789e+02
645,,,,,,,,,,,,,,,,,,1.3575558846e+03,8.8780138898e+02
646,,,,,,,,,,,,,,,,,,1.3581439165e+03,8.8741700006e+02
647,,,,,,,,,,,,,,,,,,1.3581660870e+03,8.8740251398e+02
648,,,,,,,,,,,,,,,,,,1.3567538409e+03,8.8832621193e+02
649,,,,,,,,,,,,,,,,,,1.3568771828e+03,8.8824546194e+02
650,,,,,,,,,,,,,,,,,,1.3646423623e+03,8.8319110799e+02
651,,,,,,,,,,,,,,,,,,1.3569909504e+03,8.8817099309e+02
652,,,,,,,,,,,,,,,,,,1.3627169528e+03,8.8443898606e+02
653,,,,,,,,,,,,,,,,,,1.3583625316e+03,8.8727417898e+02
654,,,,,,,,,,,,,,,,,,1.3659137156e+03,8.8236905909e+02
655,,,,,,,,,,,,,,,,,,1.3584172326e+03,8.8723845005e+02
656,,,,,,,,,,,,,,,,,,1.3638498592e+03,8.8370431089e+02
657,,,,,,,,,,,,,,,,,,1.3574830764e+03,8.8784900594e+02
658,,,,,,,,,,,,,,,,,,1.3580345629e+03,8.8748845792e+02
659,,,,,,,,,,,,,,,,,,1.3572728022e+03,8.8798655510e+02
660,,,,,,,,,,,,,,,,,,1.3566922698e+03,8.8836652708e+02
661,,,,,,,,,,,,,,,,,,1.3588212424e+03,8.8697465301e+02
662,,,,,,,,,,,,,,,,,,1.3569490277e+03,8.8819843292e+02
663,,,,,,,,,,,,,,,,,,1.3584858551e+03,8.8719363213e+02
664,,,,,,,,,,,,,,,,,,1.3646907944e+03,8.8315976405e+02
665,,,,,,,,,,,,,,,,,,1.3574465320e+03,8.8787290812e+02
666,,,,,,,,,,,,,,,,,,1.3578861021e+03,8.8758548903e+02
667,,,,,,,,,,,,,,,,,,1.3567385555e+03,8.8833622003e+02
668,,,,,,,,,,,,,,,,,,1.3619820047e+03,8.8491624403e+02
669,,,,,,,,,,,,,,,,,,1.3572570056e+03,8.8799689007e+02
670,,,,,,,,,,,,,,,,,,1.3584865108e+03,8.8719320393e+02
671,,,,,,,,,,,,,,,,,,1.3573378272e+03,8.8794401503e+02
672,,,,,,,,,,,,,,,,,,1.3596575014e+03,8.8642911816e+02
673,,,,,,,,,,,,,,,,,,1.3573057848e+03,8.8796497703e+02
674,,,,,,,,,,,,,,,,,,1.3593267319e+03,8.8664481592e+02
675,,,,,,,,,,,,,,,,,,1.3633951165e+03,8.8399905896e+02
676,,,,,,,,,,,,,,,,,,1.3583873086e+03,8.8725799513e+02
677,,,,,,,,,,,,,,,,,,1.3635032683e+03,8.8392894101e+02
678,,,,,,,,,,,,,,,,,,1.3599581094e+03,8.8623318005e+02
679,,,,,,,,,,,,,,,,,,1.3579501819e+03,8.8754360509e+02
680,,,,,,,,,,,,,,,,,,1.3582526479e+03,8.8734596014e+02
681,,,,,,,,,,,,,,,,,,1.3592768092e+03,8.8667738008e+02
682,,,,,,,,,,,,,,,,,,1.3594780744e+03,8.8654611111e+02
683,,,,,,,,,,,,,,,,,,1.3591998555e+03,8.8672758102e+02
684,,,,,,,,,,,,,,,,,,1.3583226579e+03,8.8730022502e+02
685,,,,,,,,,,,,,,,,,,1.3598109217e+03,8.8632910705e+02
686,,,,,,,,,,,,,,,,,,1.3637298029e+03,8.8378210807e+02
687,,,,,,,,,,,,,,,,,,1.3581851160e+03,8.8739008093e+02
688,,,,,,,,,,,,,,,,,,1.3667980606e+03,8.8179814911e+02
689,,,,,,,,,,,,,,,,,,1.3627739790e+03,8.8440197611e+02
690,,,,,,,,,,,,,,,,,,1.3571157198e+03,8.8808933711e+02
691,,,,,,,,,,,,,,,,,,1.3570499890e+03,8.8813235307e+02
692,,,,,,,,,,,,,,,,,,1.3579944129e+03,8.8751469707e+02
693,,,,,,,,,,,,,,,,,,1.3596780080e+03,8.8641574907e+02
694,,,,,,,,,,,,,,,,,,1.3572827236e+03,8.8798006415e+02
695,,,,,,,,,,,,,,,,,,1.3573592497e+03,8.8793000102e+02
696,,,,,,,,,,,,,,,,,,1.3641402725e+03,8.8351617813e+02
697,,,,,,,,,,,,,,,,,,1.3584121831e+03,8.8724174809e+02
698,,,,,,,,,,,,,,,,,,1.3593111462e+03,8.8665498209e+02
699,,,,,,,,,,,,,,,,,,1.3632044618e+03,8.8412269306e+02
700,,,,,,,,,,,,,,,,,,1.3586591375e+03,8.8708048010e+02
701,,,,,,,,,,,,,,,,,,1.3627147972e+03,8.8444038510e+02
702,,,,,,,,,,,,,,,,,,1.3589757516e+03,8.8687380815e+02
703,,,,,,,,,,,,,,,,,,1.3566701324e+03,8.8838102293e+02
704,,,,,,,,,,,,,,,,,,1.3585624848e+03,8.8714358997e+02
705,,,,,,,,,,,,,,,,,,1.3563372548e+03,8.8859905291e+02
706,,,,,,,,,,,,,,,,,,1.3572195077e+03,8.8802142406e+02
707,,,,,,,,,,,,,,,,,,1.3576388095e+03,8.8774716187e+02
708,,,,,,,,,,,,,,,,,,1.3594567505e+03,8.8656001711e+02
709,,,,,,,,,,,,,,,,,,1.3598430167e+03,8.8630818796e+02
710,,,,,,,,,,,,,,,,,,1.3568268746e+03,8.8827839613e+02
711,,,,,,,,,,,,,,,,,,1.3571320910e+03,8.8807862401e+02
712,,,,,,,,,,,,,,,,,,1.3590743869e+03,8.8680944300e+02
713,,,,,,,,,,,,,,,,,,1.3582936581e+03,8.8731916904e+02
714,,,,,,,,,,,,,,,,,,1.3568239390e+03,8.8828031802e+02
715,,,,,,,,,,,,,,,,,,1.3569269428e+03,8.8821288896e+02
716,,,,,,,,,,,,,,,,,,1.3590864067e+03,8.8680159998e+02
717,,,,,,,,,,,,,,,,,,1.3585834163e+03,8.8712992191e+02
718,,,,,,,,,,,,,,,,,,1.3631678572e+03,8.8414643407e+02
719,,,,,,,,,,,,,,,,,,1.3585995655e+03,8.8711937690e+02
720,,,,,,,,,,,,,,,,,,1.3646622496e+03,8.8317823720e+02
721,,,,,,,,,,,,,,,,,,1.3590102407e+03,8.8685130095e+02
722,,,,,,,,,,,,,,,,,,1.3656808901e+03,8.8251948810e+02
723,,,,,,,,,,,,,,,,,,1.3569683326e+03,8.8818579698e+02
724,,,,,,,,,,,,,,,,,,1.3576248836e+03,8.8775626802e+02
725,,,,,,,,,,,,,,,,,,1.3566872655e+03,8.8836980391e+02
726,,,,,,,,,,,,,,,,,,1.3645268290e+03,8.8326588702e+02
727,,,,,,,,,,,,,,,,,,1.3588531358e+03,8.8695383501e+02
728,,,,,,,,,,,,,,,,,,1.3587364544e+03,8.8703000212e+02
729,,,,,,,,,,,,,,,,,,1.3566951153e+03,8.8836466384e+02
730,,,,,,,,,,,,,,,,,,1.3566985128e+03,8.8836243916e+02
731,,,,,,,,,,,,,,,,,,1.3636527594e+03,8.8383203983e+02
732,,,,,,,,,,,,,,,,,,1.3577316842e+03,8.8768643618e+02
733,,,,,,,,,,,,,,,,,,1.3565593119e+03,8.8845359683e+02
734,,,,,,,,,,,,,,,,,,1.3589501316e+03,8.8689052820e+02
735,,,,,,,,,,,,,,,,,,1.3593170734e+03,8.8665111589e+02
736,,,,,,,,,,,,,,,,,,1.3568927764e+03,8.8823525405e+02
737,,,,,,,,,,,,,,,,,,1.3579503691e+03,8.8754348278e+02
738,,,,,,,,,,,,,,,,,,1.3597970481e+03,8.8633815002e+02
739,,,,,,,,,,,,,,,,,,1.3636699318e+03,8.8382090998e+02
740,,,,,,,,,,,,,,,,,,1.3567517008e+03,8.8832761312e+02
741,,,,,,,,,,,,,,,,,,1.3569583700e+03,8.8819231796e+02
742,,,,,,,,,,,,,,,,,,1.3606902905e+03,8.8575630212e+02
743,,,,,,,,,,,,,,,,,,1.3633522803e+03,8.8402683401e+02
744,,,,,,,,,,,,,,,,,,1.3574447357e+03,8.8787408304e+02
745,,,,,,,,,,,,,,,,,,1.3567109294e+03,8.8835430884e+02
746,,,,,,,,,,,,,,,,,,1.3651723472e+03,8.8284823704e+02
747,,,,,,,,,,,,,,,,,,1.3590829479e+03,8.8680385685e+02
748,,,,,,,,,,,,,,,,,,1.3628806422e+03,8.8433276010e+02
749,,,,,,,,,,,,,,,,,,1.3568761470e+03,8.8824614000e+02
750,,,,,,,,,,,,,,,,,,1.3586453717e+03,8.8708946800e+02
751,,,,,,,,,,,,,,,,,,1.3587604108e+03,8.8701436281e+02
752,,,,,,,,,,,,,,,,,,1.3621602445e+03,8.8480045199e+02
753,,,,,,,,,,,,,,,,,,1.3639767084e+03,8.8362212682e+02
754,,,,,,,,,,,,,,,,,,1.3580798673e+03,8.8745885205e+02
755,,,,,,,,,,,,,,,,,,1.3576907437e+03,8.8771320391e+02
756,,,,,,,,,,,,,,,,,,1.3580831130e+03,8.8745673108e+02
757,,,,,,,,,,,,,,,,,,1.3569499446e+03,8.8819783282e+02
758,,,,,,,,,,,,,,,,,,1.3587786519e+03,8.8700245500e+02
759,,,,,,,,,,,,,,,,,,1.3569564773e+03,8.8819355679e+02
760,,,,,,,,,,,,,,,,,,1.3575741273e+03,8.8778945899e+02
761,,,,,,,,,,,,,,,,,,1.3576209214e+03,8.8775885892e+02
762,,,,,,,,,,,,,,,,,,1.3578969582e+03,8.8757839298e+02
763,,,,,,,,,,,,,,,,,,1.3572765977e+03,8.8798407197e+02
764,,,,,,,,,,,,,,,,,,1.3628487043e+03,8.8435348415e+02
765,,,,,,,,,,,,,,,,,,1.3611110542e+03,8.8548248601e+02
766,,,,,,,,,,,,,,,,,,1.3564665707e+03,8.8851434016e+02
767,,,,,,,,,,,,,,,,,,1.3632966168e+03,8.8406292892e+02
768,,,,,,,,,,,,,,,,,,1.3553347239e+03,8.8925634289e+02
769,,,,,,,,,,,,,,,,,,1.3587628293e+03,8.8701278400e+02
770,,,,,,,,,,,,,,,,,,1.3596928444e+03,8.8640607691e+02
771,,,,,,,,,,,,,,,,,,1.3577498112e+03,8.8767458487e+02
772,,,,,,,,,,,,,,,,,,1.3566897257e+03,8.8836819291e+02
773,,,,,,,,,,,,,,,,,,1.3564099095e+03,8.8855145597e+02
774,,,,,,,,,,,,,,,,,,1.3568575093e+03,8.8825834084e+02
775,,,,,,,,,,,,,,,,,,1.3566942079e+03,8.8836525798e+02
776,,,,,,,,,,,,,,,,,,1.3579815926e+03,8.8752307582e+02
777,,,,,,,,,,,,,,,,,,1.3565824261e+03,8.8843845892e+02
778,,,,,,,,,,,,,,,,,,1.3565805053e+03,8.8843971682e+02
779,,,,,,,,,,,,,,,,,,1.3564664032e+03,8.8851444983e+02
780,,,,,,,,,,,,,,,,,,1.3588255688e+03,8.8697182894e+02
781,,,,,,,,,,,,,,,,,,1.3578165475e+03,8.8763095593e+02
782,,,,,,,,,,,,,,,,,,1.3566302236e+03,8.8840715694e+02
783,,,,,,,,,,,,,,,,,,1.3579295304e+03,8.8755710292e+02
784,,,,,,,,,,,,,,,,,,1.3559131432e+03,8.8887699485e+02
785,,,,,,,,,,,,,,,,,,1.3562433769e+03,8.8866056085e+02
786,,,,,,,,,,,,,,,,,,1.3575821631e+03,8.8778420401e+02
787,,,,,,,,,,,,,,,,,,1.3581658100e+03,8.8740269494e+02
788,,,,,,,,,,,,,,,,,,1.3600511274e+03,8.8617256784e+02
789,,,,,,,,,,,,,,,,,,1.3572595736e+03,8.8799520993e+02
790,,,,,,,,,,,,,,,,,,1.3579878322e+03,8.8751899791e+02
791,,,,,,,,,,,,,,,,,,1.3581886593e+03,8.8738776588e+02
792,,,,,,,,,,,,,,,,,,1.3583652951e+03,8.8727237391e+02
793,,,,,,,,,,,,,,,,,,1.3565851211e+03,8.8843669391e+02
794,,,,,,,,,,,,,,,,,,1.3566158287e+03,8.8841658378e+02
795,,,,,,,,,,,,,,,,,,1.3568241790e+03,8.8828016090e+02
796,,,,,,,,,,,,,,,,,,1.3593565837e+03,8.8662534499e+02
797,,,,,,,,,,,,,,,,,,1.3566469938e+03,8.8839617491e+02
798,,,,,,,,,,,,,,,,,,1.3594259961e+03,8.8658007383e+02
799,,,,,,,,,,,,,,,,,,1.3583343415e+03,8.8729259300e+02
800,,,,,,,,,,,,,,,,,,1.3573442919e+03,8.8793978596e+02
801,,,,,,,,,,,,,,,,,,1.3570486845e+03,8.8813320684e+02
802,,,,,,,,,,,,,,,,,,1.3577267517e+03,8.8768966103e+02
803,,,,,,,,,,,,,,,,,,1.3643397053e+03,8.8338702989e+02
804,,,,,,,,,,,,,,,,,,1.3572459965e+03,8.8800409293e+02
805,,,,,,,,,,,,,,,,,,1.3567466976e+03,8.8833088899e+02
806,,,,,,,,,,,,,,,,,,1.3586865571e+03,8.8706257796e+02
807,,,,,,,,,,,,,,,,,,1.3561815043e+03,8.8870110393e+02
808,,,,,,,,,,,,,,,,,,1.3565156782e+03,8.8848217487e+02
809,,,,,,,,,,,,,,,,,,1.3560606585e+03,8.8878030086e+02
810,,,,,,,,,,,,,,,,,,1.3563948245e+03,8.8856133795e+02
811,,,,,,,,,,,,,,,,,,1.3565730064e+03,8.8844462800e+02
812,,,,,,,,,,,,,,,,,,1.3563546204e+03,8.8858767605e+02
813,,,,,,,,,,,,,,,,,,1.3569673765e+03,8.8818642282e+02
814,,,,,,,,,,,,,,,,,,1.3566352264e+03,8.8840388083e+02
815,,,,,,,,,,,,,,,,,,1.3582336528e+03,8.8735836983e+02
816,,,,,,,,,,,,,,,,,,1.3566594791e+03,8.8838799906e+02
817,,,,,,,,,,,,,,,,,,1.3571415458e+03,8.8807243705e+02
818,,,,,,,,,,,,,,,,,,1.3561001870e+03,8.8875439405e+02
819,,,,,,,,,,,,,,,,,,1.3566845380e+03,8.8837158990e+02
820,,,,,,,,,,,,,,,,,,1.3590471127e+03,8.8682723999e+02
821,,,,,,,,,,,,,,,,,,1.3583965454e+03,8.8725196195e+02
822,,,,,,,,,,,,,,,,,,1.3577827400e+03,8.8765305710e+02
823,,,,,,,,,,,,,,,,,,1.3587377016e+03,8.8702918792e+02
824,,,,,,,,,,,,,,,,,,1.3576247734e+03,8.8775634003e+02
825,,,,,,,,,,,,,,,,,,1.3568336720e+03,8.8827394605e+02
826,,,,,,,,,,,,,,,,,,1.3564644443e+03,8.8851573300e+02
827,,,,,,,,,,,,,,,,,,1.3563612362e+03,8.8858334184e+02
828,,,,,,,,,,,,,,,,,,1.3561398147e+03,8.8872842383e+02
829,,,,,,,,,,,,,,,,,,1.3589371738e+03,8.8689898491e+02
830,,,,,,,,,,,,,,,,,,1.3567516200e+03,8.8832766604e+02
831,,,,,,,,,,,,,,,,,,1.3571595911e+03,8.8806062889e+02
832,,,,,,,,,,,,,,,,,,1.3579161143e+03,8.8756587195e+02
833,,,,,,,,,,,,,,,,,,1.3588010593e+03,8.8698782778e+02
834,,,,,,,,,,,,,,,,,,1.3561609048e+03,8.8871460295e+02
835,,,,,,,,,,,,,,,,,,1.3579286860e+03,8.8755765486e+02
836,,,,,,,,,,,,,,,,,,1.3574837246e+03,8.8784858203e+02
837,,,,,,,,,,,,,,,,,,1.3580266702e+03,8.8749361587e+02
838,,,,,,,,,,,,,,,,,,1.3578094695e+03,8.8763558292e+02
839,,,,,,,,,,,,,,,,,,1.3579254042e+03,8.8755979991e+02
840,,,,,,,,,,,,,,,,,,1.3578110312e+03,8.8763456202e+02
841,,,,,,,,,,,,,,,,,,1.3576745749e+03,8.8772377586e+02
842,,,,,,,,,,,,,,,,,,1.3585044232e+03,8.8718150592e+02
843,,,,,,,,,,,,,,,,,,1.3571194302e+03,8.8808690906e+02
844,,,,,,,,,,,,,,,,,,1.3567289964e+03,8.8834247899e+02
845,,,,,,,,,,,,,,,,,,1.3600744390e+03,8.8615737891e+02
846,,,,,,,,,,,,,,,,,,1.3558995286e+03,8.8888592005e+02
847,,,,,,,,,,,,,,,,,,1.3574713251e+03,8.8785669184e+02
848,,,,,,,,,,,,,,,,,,1.3586919008e+03,8.8705908918e+02
849,,,,,,,,,,,,,,,,,,1.3578801403e+03,8.8758938599e+02
850,,,,,,,,,,,,,,,,,,1.3576407300e+03,8.8774590611e+02
851,,,,,,,,,,,,,,,,,,1.3572878110e+03,8.8797673583e+02
852,,,,,,,,,,,,,,,,,,1.3578337522e+03,8.8761970901e+02
853,,,,,,,,,,,,,,,,,,1.3592940407e+03,8.8666613984e+02
854,,,,,,,,,,,,,,,,,,1.3580420514e+03,8.8748356414e+02
855,,,,,,,,,,,,,,,,,,1.3561659055e+03,8.8871132588e+02
856,,,,,,,,,,,,,,,,,,1.3568286831e+03,8.8827721214e+02
857,,,,,,,,,,,,,,,,,,1.3572456620e+03,8.8800431180e+02
858,,,,,,,,,,,,,,,,,,1.3579240330e+03,8.8756069613e+02
859,,,,,,,,,,,,,,,,,,1.3566947548e+03,8.8836489987e+02
860,,,,,,,,,,,,,,,,,,1.3571320848e+03,8.8807862806e+02
861,,,,,,,,,,,,,,,,,,1.3579506901e+03,8.8754327297e+02
862,,,,,,,,,,,,,,,,,,1.3565595759e+03,8.8845342398e+02
863,,,,,,,,,,,,,,,,,,1.3563744568e+03,8.8857468081e+02
864,,,,,,,,,,,,,,,,,,1.3571502166e+03,8.8806676316e+02
865,,,,,,,,,,,,,,,,,,1.3571060698e+03,8.8809565210e+02
866,,,,,,,,,,,,,,,,,,1.3569308981e+03,8.8821029997e+02
867,,,,,,,,,,,,,,,,,,1.3563467396e+03,8.8859283900e+02
868,,,,,,,,,,,,,,,,,,1.3568708966e+03,8.8824957705e+02
869,,,,,,,,,,,,,,,,,,1.3569859315e+03,8.8817427802e+02
870,,,,,,,,,,,,,,,,,,1.3579882178e+03,8.8751874590e+02
871,,,,,,,,,,,,,,,,,,1.3570499373e+03,8.8813238692e+02
872,,,,,,,,,,,,,,,,,,1.3578144821e+03,8.8763230610e+02
873,,,,,,,,,,,,,,,,,,1.3572576477e+03,8.8799646997e+02
874,,,,,,,,,,,,,,,,,,1.3599030460e+03,8.8626906419e+02
875,,,,,,,,,,,,,,,,,,1.3577775486e+03,8.8765645099e+02
876,,,,,,,,,,,,,,,,,,1.3572384949e+03,8.8800900102e+02
877,,,,,,,,,,,,,,,,,,1.3566741043e+03,8.8837842202e+02
878,,,,,,,,,,,,,,,,,,1.3564523423e+03,8.8852366018e+02
879,,,,,,,,,,,,,,,,,,1.3572100548e+03,8.8802760911e+02
880,,,,,,,,,,,,,,,,,,1.3561700055e+03,8.8870863914e+02
881,,,,,,,,,,,,,,,,,,1.3618629035e+03,8.8499363399e+02
882,,,,,,,,,,,,,,,,,,1.3576094962e+03,8.8776633000e+02
883,,,,,,,,,,,,,,,,,,1.3572569721e+03,8.8799691200e+02
884,,,,,,,,,,,,,,,,,,1.3576556546e+03,8.8773614717e+02
885,,,,,,,,,,,,,,,,,,1.3640611355e+03,8.8356743598e+02
886,,,,,,,,,,,,,,,,,,1.3595166694e+03,8.8652094316e+02
887,,,,,,,,,,,,,,,,,,1.3585047248e+03,8.8718130898e+02
888,,,,,,,,,,,,,,,,,,1.3588269075e+03,8.8697095513e+02
889,,,,,,,,,,,,,,,,,,1.3575626737e+03,8.8779694915e+02
890,,,,,,,,,,,,,,,,,,1.3588359772e+03,8.8696503496e+02
891,,,,,,,,,,,,,,,,,,1.3574729943e+03,8.8785560012e+02
892,,,,,,,,,,,,,,,,,,1.3588662625e+03,8.8694526696e+02
893,,,,,,,,,,,,,,,,,,1.3574716350e+03,8.8785648918e+02
894,,,,,,,,,,,,,,,,,,1.3568284420e+03,8.8827736998e+02
895,,,,,,,,,,,,,,,,,,1.3565604841e+03,8.8845282912e+02
896,,,,,,,,,,,,,,,,,,1.3553492215e+03,8.8924683094e+02
897,,,,,,,,,,,,,,,,,,1.3581240257e+03,8.8742999697e+02
898,,,,,,,,,,,,,,,,,,1.3575522131e+03,8.8780379009e+02
899,,,,,,,,,,,,,,,,,,1.3561024025e+03,8.8875294209e+02
900,,,,,,,,,,,,,,,,,,1.3573771128e+03,8.8791831589e+02
901,,,,,,,,,,,,,,,,,,1.3591178481e+03,8.8678108501e+02
902,,,,,,,,,,,,,,,,,,1.3570630566e+03,8.8812380099e+02
903,,,,,,,,,,,,,,,,,,1.3566868133e+03,8.8837010002e+02
904,,,,,,,,,,,,,,,,,,1.3563941239e+03,8.8856179690e+02
905,,,,,,,,,,,,,,,,,,1.3587395900e+03,8.8702795506e+02
906,,,,,,,,,,,,,,,,,,1.3574082947e+03,8.8789791894e+02
907,,,,,,,,,,,,,,,,,,1.3627341048e+03,8.8442785406e+02
908,,,,,,,,,,,,,,,,,,1.3576212287e+03,8.8775865793e+02
909,,,,,,,,,,,,,,,,,,1.3559807105e+03,8.8883270288e+02
910,,,,,,,,,,,,,,,,,,1.3573328531e+03,8.8794726896e+02
911,,,,,,,,,,,,,,,,,,1.3592319125e+03,8.8670666790e+02
912,,,,,,,,,,,,,,,,,,1.3577222292e+03,8.8769261789e+02
913,,,,,,,,,,,,,,,,,,1.3565089556e+03,8.8848657799e+02
914,,,,,,,,,,,,,,,,,,1.3586053499e+03,8.8711559987e+02
915,,,,,,,,,,,,,,,,,,1.3570143622e+03,8.8815566993e+02
916,,,,,,,,,,,,,,,,,,1.3558652052e+03,8.8890842199e+02
917,,,,,,,,,,,,,,,,,,1.3592239047e+03,8.8671189189e+02
918,,,,,,,,,,,,,,,,,,1.3569194309e+03,8.8821780610e+02
919,,,,,,,,,,,,,,,,,,1.3568990858e+03,8.8823112392e+02
920,,,,,,,,,,,,,,,,,,1.3576227152e+03,8.8775768590e+02
921,,,,,,,,,,,,,,,,,,1.3576636428e+03,8.8773092389e+02
922,,,,,,,,,,,,,,,,,,1.3570286025e+03,8.8814634991e+02
923,,,,,,,,,,,,,,,,,,1.3578757116e+03,8.8759228086e+02
924,,,,,,,,,,,,,,,,,,1.3564349439e+03,8.8853505683e+02
925,,,,,,,,,,,,,,,,,,1.3579616176e+03,8.8753613091e+02
926,,,,,,,,,,,,,,,,,,1.3557162105e+03,8.8900611401e+02
927,,,,,,,,,,,,,,,,,,1.3563175402e+03,8.8861196899e+02
928,,,,,,,,,,,,,,,,,,1.3560890424e+03,8.8876169801e+02
929,,,,,,,,,,,,,,,,,,1.3561506974e+03,8.8872129202e+02
930,,,,,,,,,,,,,,,,,,1.3587845237e+03,8.8699862194e+02
931,,,,,,,,,,,,,,,,,,1.3567631619e+03,8.8832010913e+02
932,,,,,,,,,,,,,,,,,,1.3565211788e+03,8.8847857213e+02
933,,,,,,,,,,,,,,,,,,1.3576335762e+03,8.8775058389e+02
934,,,,,,,,,,,,,,,,,,1.3577346303e+03,8.8768450999e+02
935,,,,,,,,,,,,,,,,,,1.3562647388e+03,8.8864656401e+02
936,,,,,,,,,,,,,,,,,,1.3566393383e+03,8.8840118814e+02
937,,,,,,,,,,,,,,,,,,1.3568241149e+03,8.8828020287e+02
938,,,,,,,,,,,,,,,,,,1.3580106966e+03,8.8750405502e+02
939,,,,,,,,,,,,,,,,,,1.3575868790e+03,8.8778112006e+02
940,,,,,,,,,,,,,,,,,,1.3567701480e+03,8.8831553507e+02
941,,,,,,,,,,,,,,,,,,1.3570241134e+03,8.8814928794e+02
942,,,,,,,,,,,,,,,,,,1.3568690756e+03,8.8825076914e+02
943,,,,,,,,,,,,,,,,,,1.3578288952e+03,8.8762288404e+02
944,,,,,,,,,,,,,,,,,,1.3571626838e+03,8.8805860519e+02
945,,,,,,,,,,,,,,,,,,1.3563060867e+03,8.8861947298e+02
946,,,,,,,,,,,,,,,,,,1.3569020567e+03,8.8822917914e+02
947,,,,,,,,,,,,,,,,,,1.3561687361e+03,8.8870947099e+02
948,,,,,,,,,,,,,,,,,,1.3571289384e+03,8.8808068705e+02
949,,,,,,,,,,,,,,,,,,1.3562435949e+03,8.8866041803e+02
950,,,,,,,,,,,,,,,,,,1.3575734710e+03,8.8778988814e+02
951,,,,,,,,,,,,,,,,,,1.3572503402e+03,8.8800125098e+02
952,,,,,,,,,,,,,,,,,,1.3569336739e+03,8.8820848298e+02
953,,,,,,,,,,,,,,,,,,1.3559809924e+03,8.8883251810e+02
954,,,,,,,,,,,,,,,,,,1.3576858079e+03,8.8771643114e+02
955,,,,,,,,,,,,,,,,,,1.3572565027e+03,8.8799721909e+02
956,,,,,,,,,,,,,,,,,,1.3565811264e+03,8.8843931007e+02
957,,,,,,,,,,,,,,,,,,1.3565705083e+03,8.8844626403e+02
958,,,,,,,,,,,,,,,,,,1.3559899354e+03,8.8882665610e+02
959,,,,,,,,,,,,,,,,,,1.3566244866e+03,8.8841091394e+02
960,,,,,,,,,,,,,,,,,,1.3582689517e+03,8.8733530903e+02
961,,,,,,,,,,,,,,,,,,1.3561834497e+03,8.8869982910e+02
962,,,,,,,,,,,,,,,,,,1.3592361384e+03,8.8670391107e+02
963,,,,,,,,,,,,,,,,,,1.3568732890e+03,8.8824801087e+02
964,,,,,,,,,,,,,,,,,,1.3572296163e+03,8.8801481009e+02
965,,,,,,,,,,,,,,,,,,1.3590176958e+03,8.8684643602e+02
966,,,,,,,,,,,,,,,,,,1.3568031090e+03,8.8829395509e+02
967,,,,,,,,,,,,,,,,,,1.3566511091e+03,8.8839348006e+02
968,,,,,,,,,,,,,,,,,,1.3567580529e+03,8.8832345414e+02
969,,,,,,,,,,,,,,,,,,1.3558664424e+03,8.8890761089e+02
970,,,,,,,,,,,,,,,,,,1.3565583101e+03,8.8845425296e+02
971,,,,,,,,,,,,,,,,,,1.3577379874e+03,8.8768231511e+02
972,,,,,,,,,,,,,,,,,,1.3580452375e+03,8.8748148203e+02
973,,,,,,,,,,,,,,,,,,1.3570042827e+03,8.8816226697e+02
974,,,,,,,,,,,,,,,,,,1.3574260150e+03,8.8788632798e+02
975,,,,,,,,,,,,,,,,,,1.3563636829e+03,8.8858173895e+02
976,,,,,,,,,,,,,,,,,,1.3571488430e+03,8.8806766200e+02
977,,,,,,,,,,,,,,,,,,1.3566756729e+03,8.8837739491e+02
978,,,,,,,,,,,,,,,,,,1.3568946751e+03,8.8823401117e+02
979,,,,,,,,,,,,,,,,,,1.3575320111e+03,8.8781700182e+02
980,,,,,,,,,,,,,,,,,,1.3565795217e+03,8.8844036102e+02
981,,,,,,,,,,,,,,,,,,1.3586651478e+03,8.8707655597e+02
982,,,,,,,,,,,,,,,,,,1.3573013398e+03,8.8796788502e+02
983,,,,,,,,,,,,,,,,,,1.3568008428e+03,8.8829543877e+02
984,,,,,,,,,,,,,,,,,,1.3562213758e+03,8.8867497706e+02
985,,,,,,,,,,,,,,,,,,1.3565619031e+03,8.8845189977e+02
986,,,,,,,,,,,,,,,,,,1.3574480196e+03,8.8787193513e+02
987,,,,,,,,,,,,,,,,,,1.3576415361e+03,8.8774537897e+02
988,,,,,,,,,,,,,,,,,,1.3558514574e+03,8.8891743517e+02
989,,,,,,,,,,,,,,,,,,1.3589063658e+03,8.8691909194e+02
990,,,,,,,,,,,,,,,,,,1.3573941150e+03,8.8790719414e+02
991,,,,,,,,,,,,,,,,,,1.3566057383e+03,8.8842319179e+02
992,,,,,,,,,,,,,,,,,,1.3562852818e+03,8.8863310409e+02
993,,,,,,,,,,,,,,,,,,1.3569731303e+03,8.8818265676e+02
994,,,,,,,,,,,,,,,,,,1.3565475074e+03,8.8846132803e+02
995,,,,,,,,,,,,,,,,,,1.3588348818e+03,8.8696574998e+02
996,,,,,,,,,,,,,,,,,,1.3579088960e+03,8.8757059002e+02
997,,,,,,,,,,,,,,,,,,1.3564205710e+03,8.8854447198e+02
998,,,,,,,,,,,,,,,,,,1.3572530667e+03,8.8799946713e+02
999,,,,,,,,,,,,,,,,,,1.3591763550e+03,8.8674291277e+02
1000,,,,,,,,,,,,,,,,,,1.3562166111e+03,8.8867809916e+02
1001,,,,,,,,,,,,,,,,,,1.3572224090e+03,8.8801952577e+02
1002,,,,,,,,,,,,,,,,,,1.3581096001e+03,8.8743942308e+02
1003,,,,,,,,,,,,,,,,,,1.3574388055e+03,8.8787796187e+02
1004,,,,,,,,,,,,,,,,,,1.3574175222e+03,8.8789188313e+02
1005,,,,,,,,,,,,,,,,,,1.3587264402e+03,8.8703653979e+02
1006,,,,,,,,,,,,,,,,,,1.3569002083e+03,8.8823038912e+02
1007,,,,,,,,,,,,,,,,,,1.3565666058e+03,8.8844881988e+02
1008,,,,,,,,,,,,,,,,,,1.3579895442e+03,8.8751787901e+02
1009,,,,,,,,,,,,,,,,,,1.3582529943e+03,8.8734573388e+02
1010,,,,,,,,,,,,,,,,,,1.3569459965e+03,8.8820041704e+02
1011,,,,,,,,,,,,,,,,,,1.3566712826e+03,8.8838026977e+02
1012,,,,,,,,,,,,,,,,,,1.3565759256e+03,8.8844271612e+02
1013,,,,,,,,,,,,,,,,,,1.3563988148e+03,8.8855872393e+02
1014,,,,,,,,,,,,,,,,,,1.3567099026e+03,8.8835498118e+02
1015,,,,,,,,,,,,,,,,,,1.3607244011e+03,8.8573409796e+02
1016,,,,,,,,,,,,,,,,,,1.3571773217e+03,8.8804902697e+02
1017,,,,,,,,,,,,,,,,,,1.3634205698e+03,8.8398255587e+02
1018,,,,,,,,,,,,,,,,,,1.3563658366e+03,8.8858032799e+02
1019,,,,,,,,,,,,,,,,,,1.3573500183e+03,8.8793603992e+02
1020,,,,,,,,,,,,,,,,,,1.3582374730e+03,8.8735587406e+02
1021,,,,,,,,,,,,,,,,,,1.3577857184e+03,8.8765110993e+02
1022,,,,,,,,,,,,,,,,,,1.3574057061e+03,8.8789961219e+02
1023,,,,,,,,,,,,,,,,,,1.3575089911e+03,8.8783205700e+02
1024,,,,,,,,,,,,,,,,,,1.3550681860e+03,8.8943125701e+02
1025,,,,,,,,,,,,,,,,,,1.3592815921e+03,8.8667426014e+02
1026,,,,,,,,,,,,,,,,,,1.3585648614e+03,8.8714203811e+02
1027,,,,,,,,,,,,,,,,,,1.3577430640e+03,8.8767899609e+02
1028,,,,,,,,,,,,,,,,,,1.3582681802e+03,8.8733581305e+02
1029,,,,,,,,,,,,,,,,,,1.3640710080e+03,8.8356104112e+02
1030,,,,,,,,,,,,,,,,,,1.3584055046e+03,8.8724611020e+02
1031,,,,,,,,,,,,,,,,,,1.3577807254e+03,8.8765437412e+02
1032,,,,,,,,,,,,,,,,,,1.3637369625e+03,8.8377746820e+02
1033,,,,,,,,,,,,,,,,,,1.3566724990e+03,8.8837947321e+02
1034,,,,,,,,,,,,,,,,,,1.3610408917e+03,8.8552813315e+02
1035,,,,,,,,,,,,,,,,,,1.3615069877e+03,8.8522498298e+02
1036,,,,,,,,,,,,,,,,,,1.3603863770e+03,8.8595418215e+02
1037,,,,,,,,,,,,,,,,,,1.3581837213e+03,8.8739099216e+02
1038,,,,,,,,,,,,,,,,,,1.3587532124e+03,8.8701906204e+02
1039,,,,,,,,,,,,,,,,,,1.3575988160e+03,8.8777331400e+02
1040,,,,,,,,,,,,,,,,,,1.3592247719e+03,8.8671132612e+02
1041,,,,,,,,,,,,,,,,,,1.3580525732e+03,8.8747668815e+02
1042,,,,,,,,,,,,,,,,,,1.3589369407e+03,8.8689913702e+02
1043,,,,,,,,,,,,,,,,,,1.3596093631e+03,8.8646050310e+02
1044,,,,,,,,,,,,,,,,,,1.3595137956e+03,8.8652281713e+02
1045,,,,,,,,,,,,,,,,,,1.3577312575e+03,8.8768671513e+02
1046,,,,,,,,,,,,,,,,,,1.3571839558e+03,8.8804468608e+02
1047,,,,,,,,,,,,,,,,,,1.3574834384e+03,8.8784876919e+02
1048,,,,,,,,,,,,,,,,,,1.3581969837e+03,8.8738232708e+02
1049,,,,,,,,,,,,,,,,,,1.3567162499e+03,8.8835082507e+02
1050,,,,,,,,,,,,,,,,,,1.3590551919e+03,8.8682196808e+02
1051,,,,,,,,,,,,,,,,,,1.3583749736e+03,8.8726605201e+02
1052,,,,,,,,,,,,,,,,,,1.3591199171e+03,8.8677973509e+02
1053,,,,,,,,,,,,,,,,,,1.3569046292e+03,8.8822749519e+02
1054,,,,,,,,,,,,,,,,,,1.3582434393e+03,8.8735197616e+02
1055,,,,,,,,,,,,,,,,,,1.3568703008e+03,8.8824996710e+02
1056,,,,,,,,,,,,,,,,,,1.3630650909e+03,8.8421309304e+02
1057,,,,,,,,,,,,,,,,,,1.3640469000e+03,8.8357665706e+02
1058,,,,,,,,,,,,,,,,,,1.3594703017e+03,8.8655117989e+02
1059,,,,,,,,,,,,,,,,,,1.3645827028e+03,8.8322972107e+02
1060,,,,,,,,,,,,,,,,,,1.3589249619e+03,8.8690695500e+02
1061,,,,,,,,,,,,,,,,,,1.3586933283e+03,8.8705815721e+02
1062,,,,,,,,,,,,,,,,,,1.3569096817e+03,8.8822418785e+02
1063,,,,,,,,,,,,,,,,,,1.3585451390e+03,8.8715491700e+02
1064,,,,,,,,,,,,,,,,,,1.3588484143e+03,8.8695691681e+02
1065,,,,,,,,,,,,,,,,,,1.3590986227e+03,8.8679362917e+02
1066,,,,,,,,,,,,,,,,,,1.3637678468e+03,8.8375745392e+02
1067,,,,,,,,,,,,,,,,,,1.3578351731e+03,8.8761878014e+02
1068,,,,,,,,,,,,,,,,,,1.3629341361e+03,8.8429805088e+02
1069,,,,,,,,,,,,,,,,,,1.3589795105e+03,8.8687135506e+02
1070,,,,,,,,,,,,,,,,,,1.3621764682e+03,8.8478991389e+02
1071,,,,,,,,,,,,,,,,,,1.3576953499e+03,8.8771019220e+02
1072,,,,,,,,,,,,,,,,,,1.3663671059e+03,8.8207626987e+02
1073,,,,,,,,,,,,,,,,,,1.3565776250e+03,8.8844160318e+02
1074,,,,,,,,,,,,,,,,,,1.3596499629e+03,8.8643403292e+02
1075,,,,,,,,,,,,,,,,,,1.3596048814e+03,8.8646342516e+02
1076,,,,,,,,,,,,,,,,,,1.3589452612e+03,8.8689370680e+02
1077,,,,,,,,,,,,,,,,,,1.3587622884e+03,8.8701313710e+02
1078,,,,,,,,,,,,,,,,,,1.3587834944e+03,8.8699929380e+02
1079,,,,,,,,,,,,,,,,,,1.3572364207e+03,8.8801035810e+02
1080,,,,,,,,,,,,,,,,,,1.3579991747e+03,8.8751158500e+02
1081,,,,,,,,,,,,,,,,,,1.3580309285e+03,8.8749083304e+02
1082,,,,,,,,,,,,,,,,,,1.3574627034e+03,8.8786233091e+02
1083,,,,,,,,,,,,,,,,,,1.3581395163e+03,8.8741987514e+02
1084,,,,,,,,,,,,,,,,,,1.3582750534e+03,8.8733132291e+02
1085,,,,,,,,,,,,,,,,,,1.3586827034e+03,8.8706509399e+02
1086,,,,,,,,,,,,,,,,,,1.3585870288e+03,8.8712756300e+02
1087,,,,,,,,,,,,,,,,,,1.3627544252e+03,8.8441466618e+02
1088,,,,,,,,,,,,,,,,,,1.3587583229e+03,8.8701572585e+02
1089,,,,,,,,,,,,,,,,,,1.3594007821e+03,8.8659651804e+02
1090,,,,,,,,,,,,,,,,,,1.3571515021e+03,8.8806592202e+02
1091,,,,,,,,,,,,,,,,,,1.3570739775e+03,8.8811665392e+02
1092,,,,,,,,,,,,,,,,,,1.3661912833e+03,8.8218978906e+02
1093,,,,,,,,,,,,,,,,,,1.3569736264e+03,8.8818233204e+02
1094,,,,,,,,,,,,,,,,,,1.3594061657e+03,8.8659300685e+02
1095,,,,,,,,,,,,,,,,,,1.3561364545e+03,8.8873062587e+02
1096,,,,,,,,,,,,,,,,,,1.3670634916e+03,8.8162693787e+02
1097,,,,,,,,,,,,,,,,,,1.3599545741e+03,8.8623548388e+02
1098,,,,,,,,,,,,,,,,,,1.3564410015e+03,8.8853108883e+02
1099,,,,,,,,,,,,,,,,,,1.3593917542e+03,8.8660240602e+02
1100,,,,,,,,,,,,,,,,,,1.3590165175e+03,8.8684720492e+02
1101,,,,,,,,,,,,,,,,,,1.3572610043e+03,8.8799427390e+02
1102,,,,,,,,,,,,,,,,,,1.3637198367e+03,8.8378856683e+02
1103,,,,,,,,,,,,,,,,,,1.3582885299e+03,8.8732251906e+02
1104,,,,,,,,,,,,,,,,,,1.3580725006e+03,8.8746366596e+02
1105,,,,,,,,,,,,,,,,,,1.3579697298e+03,8.8753082895e+02
1106,,,,,,,,,,,,,,,,,,1.3579981525e+03,8.8751225305e+02
1107,,,,,,,,,,,,,,,,,,1.3589239368e+03,8.8690762401e+02
1108,,,,,,,,,,,,,,,,,,1.3585818634e+03,8.8713093591e+02
1109,,,,,,,,,,,,,,,,,,1.3571763573e+03,8.8804965806e+02
1110,,,,,,,,,,,,,,,,,,1.3587542266e+03,8.8701839995e+02
1111,,,,,,,,,,,,,,,,,,1.3577630206e+03,8.8766594887e+02
1112,,,,,,,,,,,,,,,,,,1.3630151942e+03,8.8424546194e+02
1113,,,,,,,,,,,,,,,,,,1.3577922560e+03,8.8764683604e+02
1114,,,,,,,,,,,,,,,,,,1.3599518886e+03,8.8623723388e+02
1115,,,,,,,,,,,,,,,,,,1.3629987347e+03,8.8425613999e+02
1116,,,,,,,,,,,,,,,,,,1.3581571091e+03,8.8740838003e+02
1117,,,,,,,,,,,,,,,,,,1.3576819037e+03,8.8771898389e+02
1118,,,,,,,,,,,,,,,,,,1.3577116880e+03,8.8769950986e+02
1119,,,,,,,,,,,,,,,,,,1.3571940031e+03,8.8803811193e+02
1120,,,,,,,,,,,,,,,,,,1.3645882912e+03,8.8322610402e+02
1121,,,,,,,,,,,,,,,,,,1.3571587932e+03,8.8806115103e+02
1122,,,,,,,,,,,,,,,,,,1.3592098804e+03,8.8672104096e+02
1123,,,,,,,,,,,,,,,,,,1.3645164029e+03,8.8327263594e+02
1124,,,,,,,,,,,,,,,,,,1.3568612089e+03,8.8825591898e+02
1125,,,,,,,,,,,,,,,,,,1.3613670485e+03,8.8531597805e+02
1126,,,,,,,,,,,,,,,,,,1.3598407750e+03,8.8630964899e+02
1127,,,,,,,,,,,,,,,,,,1.3587699631e+03,8.8700812697e+02
1128,,,,,,,,,,,,,,,,,,1.3643930876e+03,8.8335246706e+02
1129,,,,,,,,,,,,,,,,,,1.3569905992e+03,8.8817122293e+02
1130,,,,,,,,,,,,,,,,,,1.3576377923e+03,8.8774782705e+02
1131,,,,,,,,,,,,,,,,,,1.3594179429e+03,8.8658532596e+02
1132,,,,,,,,,,,,,,,,,,1.3581616133e+03,8.8740543699e+02
1133,,,,,,,,,,,,,,,,,,1.3613054780e+03,8.8535601997e+02
1134,,,,,,,,,,,,,,,,,,1.3586643068e+03,8.8707710505e+02
1135,,,,,,,,,,,,,,,,,,1.3579074289e+03,8.8757154894e+02
1136,,,,,,,,,,,,,,,,,,1.3588170464e+03,8.8697739196e+02
1137,,,,,,,,,,,,,,,,,,1.3637056716e+03,8.8379774690e+02
1138,,,,,,,,,,,,,,,,,,1.3585770869e+03,8.8713405490e+02
1139,,,,,,,,,,,,,,,,,,1.3579049398e+03,8.8757317591e+02
1140,,,,,,,,,,,,,,,,,,1.3576802657e+03,8.8772005486e+02
1141,,,,,,,,,,,,,,,,,,1.3567670295e+03,8.8831757689e+02
1142,,,,,,,,,,,,,,,,,,1.3636391711e+03,8.8384084702e+02
1143,,,,,,,,,,,,,,,,,,1.3577209106e+03,8.8769348001e+02
1144,,,,,,,,,,,,,,,,,,1.3647610633e+03,8.8311429191e+02
1145,,,,,,,,,,,,,,,,,,1.3569494907e+03,8.8819812989e+02
1146,,,,,,,,,,,,,,,,,,1.3593329195e+03,8.8664077997e+02
1147,,,,,,,,,,,,,,,,,,1.3588241334e+03,8.8697276592e+02
1148,,,,,,,,,,,,,,,,,,1.3640639038e+03,8.8356564283e+02
1149,,,,,,,,,,,,,,,,,,1.3569373054e+03,8.8820610595e+02
1150,,,,,,,,,,,,,,,,,,1.3575582183e+03,8.8779986286e+02
1151,,,,,,,,,,,,,,,,,,1.3582807292e+03,8.8732761502e+02
1152,,,,,,,,,,,,,,,,,,1.3559300920e+03,8.8886588407e+02
1153,,,,,,,,,,,,,,,,,,1.3573880293e+03,8.8791117501e+02
1154,,,,,,,,,,,,,,,,,,1.3629153960e+03,8.8431020999e+02
1155,,,,,,,,,,,,,,,,,,1.3586070022e+03,8.8711452103e+02
1156,,,,,,,,,,,,,,,,,,1.3567712448e+03,8.8831481695e+02
1157,,,,,,,,,,,,,,,,,,1.3566889604e+03,8.8836869407e+02
1158,,,,,,,,,,,,,,,,,,1.3581036042e+03,8.8744334102e+02
1159,,,,,,,,,,,,,,,,,,1.3565148337e+03,8.8848272800e+02
1160,,,,,,,,,,,,,,,,,,1.3587230774e+03,8.8703873515e+02
1161,,,,,,,,,,,,,,,,,,1.3641350895e+03,8.8351953506e+02
1162,,,,,,,,,,,,,,,,,,1.3625806376e+03,8.8452746701e+02
1163,,,,,,,,,,,,,,,,,,1.3587293011e+03,8.8703467202e+02
1164,,,,,,,,,,,,,,,,,,1.3661302094e+03,8.8222922802e+02
1165,,,,,,,,,,,,,,,,,,1.3596080993e+03,8.8646132708e+02
1166,,,,,,,,,,,,,,,,,,1.3600018160e+03,8.8620469904e+02
1167,,,,,,,,,,,,,,,,,,1.3564212501e+03,8.8854402709e+02
1168,,,,,,,,,,,,,,,,,,1.3579654990e+03,8.8753359413e+02
1169,,,,,,,,,,,,,,,,,,1.3606955426e+03,8.8575288320e+02
1170,,,,,,,,,,,,,,,,,,1.3578577665e+03,8.8760401106e+02
1171,,,,,,,,,,,,,,,,,,1.3576915970e+03,8.8771264601e+02
1172,,,,,,,,,,,,,,,,,,1.3594566555e+03,8.8656007910e+02
1173,,,,,,,,,,,,,,,,,,1.3634721617e+03,8.8394910717e+02
1174,,,,,,,,,,,,,,,,,,1.3619497826e+03,8.8493718004e+02
1175,,,,,,,,,,,,,,,,,,1.3572239628e+03,8.8801850915e+02
1176,,,,,,,,,,,,,,,,,,1.3589298420e+03,8.8690376997e+02
1177,,,,,,,,,,,,,,,,,,1.3574001155e+03,8.8790326905e+02
1178,,,,,,,,,,,,,,,,,,1.3576518574e+03,8.8773863006e+02
1179,,,,,,,,,,,,,,,,,,1.3575584808e+03,8.8779969120e+02
1180,,,,,,,,,,,,,,,,,,1.3567957576e+03,8.8829876804e+02
1181,,,,,,,,,,,,,,,,,,1.3581059762e+03,8.8744179106e+02
1182,,,,,,,,,,,,,,,,,,1.3664425445e+03,8.8202757215e+02
1183,,,,,,,,,,,,,,,,,,1.3569721399e+03,8.8818330503e+02
1184,,,,,,,,,,,,,,,,,,1.3636859630e+03,8.8381051993e+02
1185,,,,,,,,,,,,,,,,,,1.3580316001e+03,8.8749039412e+02
1186,,,,,,,,,,,,,,,,,,1.3645927192e+03,8.8322323799e+02
1187,,,,,,,,,,,,,,,,,,1.3574345747e+03,8.8788072920e+02
1188,,,,,,,,,,,,,,,,,,1.3586958265e+03,8.8705652618e+02
1189,,,,,,,,,,,,,,,,,,1.3572757843e+03,8.8798460412e+02
1190,,,,,,,,,,,,,,,,,,1.3592855062e+03,8.8667170691e+02
1191,,,,,,,,,,,,,,,,,,1.3586227857e+03,8.8710421515e+02
1192,,,,,,,,,,,,,,,,,,1.3597499982e+03,8.8636881900e+02
1193,,,,,,,,,,,,,,,,,,1.3596265964e+03,8.8644926715e+02
1194,,,,,,,,,,,,,,,,,,1.3616877910e+03,8.8510744381e+02
1195,,,,,,,,,,,,,,,,,,1.3605684816e+03,8.8583560205e+02
1196,,,,,,,,,,,,,,,,,,1.3587365585e+03,8.8702993417e+02
1197,,,,,,,,,,,,,,,,,,1.3566401447e+03,8.8840066004e+02
1198,,,,,,,,,,,,,,,,,,1.3592996067e+03,8.8666250920e+02
1199,,,,,,,,,,,,,,,,,,1.3598532946e+03,8.8630148911e+02
1200,,,,,,,,,,,,,,,,,,1.3625213169e+03,8.8456597710e+02
1201,,,,,,,,,,,,,,,,,,1.3594530244e+03,8.8656244707e+02
1202,,,,,,,,,,,,,,,,,,1.3642732154e+03,8.8343008304e+02
1203,,,,,,,,,,,,,,,,,,1.3567267589e+03,8.8834394407e+02
1204,,,,,,,,,,,,,,,,,,1.3581632017e+03,8.8740439916e+02
1205,,,,,,,,,,,,,,,,,,1.3573937006e+03,8.8790746522e+02
1206,,,,,,,,,,,,,,,,,,1.3588041106e+03,8.8698583603e+02
1207,,,,,,,,,,,,,,,,,,1.3575360155e+03,8.8781438303e+02
1208,,,,,,,,,,,,,,,,,,1.3577971006e+03,8.8764366889e+02
1209,,,,,,,,,,,,,,,,,,1.3560816086e+03,8.8876657009e+02
1210,,,,,,,,,,,,,,,,,,1.3654074172e+03,8.8269624496e+02
1211,,,,,,,,,,,,,,,,,,1.3574377000e+03,8.8787868500e+02
1212,,,,,,,,,,,,,,,,,,1.3598462756e+03,8.8630606389e+02
1213,,,,,,,,,,,,,,,,,,1.3577702461e+03,8.8766122508e+02
1214,,,,,,,,,,,,,,,,,,1.3638271433e+03,8.8371902990e+02
1215,,,,,,,,,,,,,,,,,,1.3570009685e+03,8.8816443610e+02
1216,,,,,,,,,,,,,,,,,,1.3579667491e+03,8.8753277707e+02
1217,,,,,,,,,,,,,,,,,,1.3628107814e+03,8.8437809300e+02
1218,,,,,,,,,,,,,,,,,,1.3591319213e+03,8.8677190280e+02
1219,,,,,,,,,,,,,,,,,,1.3575520450e+03,8.8780390000e+02
1220,,,,,,,,,,,,,,,,,,1.3661326560e+03,8.8222764802e+02
1221,,,,,,,,,,,,,,,,,,1.3571031635e+03,8.8809755397e+02
1222,,,,,,,,,,,,,,,,,,1.3568446122e+03,8.8826678395e+02
1223,,,,,,,,,,,,,,,,,,1.3584818342e+03,8.8719625807e+02
1224,,,,,,,,,,,,,,,,,,1.3599581343e+03,8.8623316383e+02
1225,,,,,,,,,,,,,,,,,,1.3650467817e+03,8.8292944694e+02
1226,,,,,,,,,,,,,,,,,,1.3643036126e+03,8.8341039991e+02
1227,,,,,,,,,,,,,,,,,,1.3591745537e+03,8.8674408793e+02
1228,,,,,,,,,,,,,,,,,,1.3578859923e+03,8.8758556080e+02
1229,,,,,,,,,,,,,,,,,,1.3596757732e+03,8.8641720605e+02
1230,,,,,,,,,,,,,,,,,,1.3578192704e+03,8.8762917590e+02
1231,,,,,,,,,,,,,,,,,,1.3580756270e+03,8.8746162295e+02
1232,,,,,,,,,,,,,,,,,,1.3663253435e+03,8.8210323095e+02
1233,,,,,,,,,,,,,,,,,,1.3629671261e+03,8.8427664685e+02
1234,,,,,,,,,,,,,,,,,,1.3579077182e+03,8.8757135987e+02
1235,,,,,,,,,,,,,,,,,,1.3587638497e+03,8.8701211786e+02
1236,,,,,,,,,,,,,,,,,,1.3587068551e+03,8.8704932594e+02
1237,,,,,,,,,,,,,,,,,,1.3572022803e+03,8.8803269601e+02
1238,,,,,,,,,,,,,,,,,,1.3635279727e+03,8.8391292596e+02
1239,,,,,,,,,,,,,,,,,,1.3633597787e+03,8.8402197194e+02
1240,,,,,,,,,,,,,,,,,,1.3575195751e+03,8.8782513499e+02
1241,,,,,,,,,,,,,,,,,,1.3582769253e+03,8.8733010006e+02
1242,,,,,,,,,,,,,,,,,,1.3568712116e+03,8.8824937081e+02
1243,,,,,,,,,,,,,,,,,,1.3641177431e+03,8.8353077006e+02
1244,,,,,,,,,,,,,,,,,,1.3579033487e+03,8.8757421589e+02
1245,,,,,,,,,,,,,,,,,,1.3626724136e+03,8.8446789408e+02
1246,,,,,,,,,,,,,,,,,,1.3582991155e+03,8.8731560397e+02
1247,,,,,,,,,,,,,,,,,,1.3577678355e+03,8.8766280103e+02
1248,,,,,,,,,,,,,,,,,,1.3585142064e+03,8.8717511702e+02
1249,,,,,,,,,,,,,,,,,,1.3587368864e+03,8.8702972007e+02
1250,,,,,,,,,,,,,,,,,,1.3588771358e+03,8.8693816996e+02
1251,,,,,,,,,,,,,,,,,,1.3585973419e+03,8.8712082887e+02
1252,,,,,,,,,,,,,,,,,,1.3600043559e+03,8.8620304394e+02
1253,,,,,,,,,,,,,,,,,,1.3660353225e+03,8.8229050899e+02
1254,,,,,,,,,,,,,,,,,,1.3596492787e+03,8.8643447900e+02
1255,,,,,,,,,,,,,,,,,,1.3587888451e+03,8.8699580097e+02
1256,,,,,,,,,,,,,,,,,,1.3572619244e+03,8.8799367189e+02
1257,,,,,,,,,,,,,,,,,,1.3582666222e+03,8.8733683085e+02
1258,,,,,,,,,,,,,,,,,,1.3571104512e+03,8.8809278488e+02
1259,,,,,,,,,,,,,,,,,,1.3664273658e+03,8.8203736997e+02
1260,,,,,,,,,,,,,,,,,,1.3584880036e+03,8.8719222903e+02
1261,,,,,,,,,,,,,,,,,,1.3575419895e+03,8.8781047606e+02
1262,,,,,,,,,,,,,,,,,,1.3577456707e+03,8.8767729187e+02
1263,,,,,,,,,,,,,,,,,,1.3573211839e+03,8.8795490289e+02
1264,,,,,,,,,,,,,,,,,,1.3660250930e+03,8.8229711604e+02
1265,,,,,,,,,,,,,,,,,,1.3598224206e+03,8.8632161212e+02
1266,,,,,,,,,,,,,,,,,,1.3638224255e+03,8.8372208691e+02
1267,,,,,,,,,,,,,,,,,,1.3571397259e+03,8.8807362795e+02
1268,,,,,,,,,,,,,,,,,,1.3577323851e+03,8.8768597794e+02
1269,,,,,,,,,,,,,,,,,,1.3634752317e+03,8.8394711685e+02
1270,,,,,,,,,,,,,,,,,,1.3571481555e+03,8.8806811190e+02
1271,,,,,,,,,,,,,,,,,,1.3580814482e+03,8.8745781898e+02
1272,,,,,,,,,,,,,,,,,,1.3590007109e+03,8.8685751987e+02
1273,,,,,,,,,,,,,,,,,,1.3572470875e+03,8.8800337911e+02
1274,,,,,,,,,,,,,,,,,,1.3605551791e+03,8.8584426308e+02
1275,,,,,,,,,,,,,,,,,,1.3600202934e+03,8.8619265890e+02
1276,,,,,,,,,,,,,,,,,,1.3622900807e+03,8.8471612406e+02
1277,,,,,,,,,,,,,,,,,,1.3574637842e+03,8.8786162400e+02
1278,,,,,,,,,,,,,,,,,,1.3597331267e+03,8.8637981701e+02
1279,,,,,,,,,,,,,,,,,,1.3567599821e+03,8.8832219100e+02
